wave_vac,wave_err,wn,int,wave_vac_pre,ID,closest_dist,closest_R,wave_air
3785.650454,0.000149,26415.53974,7273,3785.649743,NoID,1.0253579999998692,3692.0280077792177,3784.5755987472144
3786.675812,0.000129,26408.38692,11987,3786.675314,ThII,0.7825130000001081,4839.121921296485,3785.600690595151
3787.458325,0.00012,26402.93078,24284,3787.457347,ArII,0.7825130000001081,4840.121921296485,3786.3830004724928
3788.714137,0.00016,26394.17923,3050,3788.714472,ThI,0.2953219999999419,12829.095485608066,3787.6384864815673
3791.160081,0.000128,26377.15049,4572,3791.158240,NoID,0.18387299999994866,20618.362027057035,3790.083795511999
3791.871484,0.000113,26372.20181,68571,3791.871327,ThI,0.37518199999976787,10106.752146964262,3790.795013821809
3792.594893,0.000126,26367.17151,4127,3792.594391,ThI,0.22119299999985742,17146.08913031807,3791.518235010429
3793.807442,0.000114,26358.74422,13282,3793.806899,ThI,1.085576000000401,3494.7414478568044,3792.7304691989266
3794.893018,0.000118,26351.20398,4508,3794.893246,ThI,0.33519899999964764,11321.31366144884,3793.8157633429214
3795.775429,0.000112,26345.07807,11036,3795.775842,ThI,0.547211999999945,6936.571984898689,3794.6979452290093
3799.181895,0.000108,26321.45624,25835,3799.182103,ThI,0.6492970000003879,5851.223546385907,3798.1035266962053
3803.499251,0.000107,26291.57873,5237,3803.500326,ThI,0.3015109999996639,12614.794322609258,3802.419761503082
3805.778642,0.000107,26275.83194,3816,3805.778720,ThI,0.5306160000000091,7172.378220784777,3804.698560496915
3808.35348,0.000167,26258.06678,6533,3808.353289,ThI,0.6016429999999673,6329.922362597433,3807.2727297062497
3808.955123,0.000165,26253.91919,12694,3808.955397,ThII,0.254783999999745,14949.74222480145,3807.874216427243
3812.077207,0.000154,26232.41728,28936,3812.077044,ThI,1.1604129999996076,3285.1038440635266,3810.9954894073844
3813.479982,0.000153,26222.76778,6425,3813.479470,ThI,0.6702170000003207,5689.918313021268,3812.397899984699
3814.150199,0.000149,26218.15995,15807,3814.149857,ThII,0.5987479999998868,6370.209502162381,3813.067942865458
3816.648334,0.000151,26200.99921,16088,3816.648904,ThI,0.27442400000018097,13907.851842395283,3815.5654288298806
3816.922758,0.000157,26199.11545,6013,?,,0.27442400000018097,13908.851842395283,3815.8397815292637
3817.249218,0.000101,26196.87484,4692,3817.249705,NoID,0.32645999999976993,11692.85430987775,3816.1661567079113
3819.76899,0.00011,26179.59365,58810,3819.769246,ThI,0.3301489999998921,11569.833590291802,3818.685273988056
3822.515316,0.000111,26160.78465,7361,3822.515221,ThII,0.6386160000001837,5985.624093350151,3821.4308863442034
3824.152211,0.000107,26149.58675,25397,3824.152526,ThI,0.18410700000004,20771.356933735107,3823.067355961848
3825.528478,0.000107,26140.17921,11767,?,,0.45096600000033504,8482.964298854366,3824.443265292779
3826.75799,0.000105,26131.78055,24848,3826.757909,ArII,0.20809800000006362,18389.21080451917,3825.6724577501786
3826.966088,0.000106,26130.35959,8712,?,,0.20809800000006362,18390.21080451917,3825.880501665601
3827.454543,0.000105,26127.02486,18155,3827.454508,ThI,0.4386170000002494,8726.188321469126,3826.3688297150147
3828.908544,0.000108,26117.10331,3463,?,,0.3206809999996949,11939.929537464466,3827.8224528055875
3831.147108,0.000102,26101.84292,15740,3831.147286,ThI,0.3327439999998205,11513.797718372281,3830.0604349476466
3831.479852,0.000122,26099.57611,8120,3831.480499,ArII,0.3327439999998205,11514.797718372281,3830.3930924558986
3834.173244,0.000117,26081.24194,14675,3834.173455,NoID,0.2970190000000912,12908.848403633516,3833.085784317392
3835.310355,0.000474,26073.50925,3760,?,,0.45575800000005984,8415.234301974944,3834.222599711908
3836.79867,0.000123,26063.39519,11988,3836.799316,ThI,0.24880899999971007,15420.65869805542,3835.7105277914034
3841.889593,0.000131,26028.85835,29450,3841.889939,ThI,0.18544199999996636,20717.472810909592,3840.800127161543
3842.608181,0.000135,26023.99081,16354,3842.608006,ArII,0.441906999999901,8695.513266367949,3841.5185283137434
3843.050088,0.000134,26020.99835,14650,3843.049933,ThII,0.441906999999901,8696.513266367949,3841.960320406745
3847.717742,0.000111,25989.43236,5016,3847.717677,ThI,0.20903100000032282,18407.402452239417,3846.6267606055985
3848.710564,0.00011,25982.72807,5818,3848.711167,ThI,0.7322479999997995,5256.020588654464,3847.619324405099
3851.0031,0.000299,25967.26032,5078,3851.003222,ThI,0.2219479999998839,17350.92499144851,3849.911264162295
3853.227582,0.000159,25952.26933,59418,3853.227705,ThI,0.8236769999998614,4678.0808278010045,3852.135167580034
3855.603289,0.000162,25936.27832,17652,3855.603902,ThII,0.3663480000000163,10524.428382302696,3854.510256622263
3864.501293,0.000159,25876.56011,17403,3864.501264,ThII,0.6999989999999343,5520.72401960626,3863.405945728956
3868.004626,0.000113,25853.12317,14044,3868.005444,ThI,0.6294269999998505,6145.279160253562,3866.9083671398703
3869.351878,0.000147,25844.12148,4370,3869.351382,ThI,0.27342700000008335,14151.315992929814,3868.2552685515743
3870.760238,0.000141,25834.71821,33176,3870.760344,ThI,0.516519000000244,7493.935824235258,3869.663262046691
3873.234962,0.000108,25818.21165,15722,3873.234624,ArII,0.2223159999998643,17422.205158433782,3872.137341999812
3874.245786,0.000107,25811.47545,42419,3874.245824,ThI,0.2709820000000036,14297.059531629217,3873.1479029195148
3876.745011,0.000106,25794.83554,13544,3876.744717,ThI,0.2731349999999111,14193.512405957721,3875.646477429978
3880.743712,0.000125,25768.25666,60651,3880.743691,ThI,0.19648800000004485,19750.538007405612,3879.6441375639156
3885.920902,0.000136,25733.92576,8494,3885.923478,NoID,0.19147099999963757,20295.08856175272,3884.819979757143
3886.869574,0.000139,25727.64486,5034,3886.869341,ThII,0.23659300000008443,16428.506227989048,3885.768404762265
3891.008506,0.000147,25700.27792,3106,3891.008206,ThI,0.2970589999999902,13098.436694394475,3889.9062590771505
3892.307444,0.000149,25691.70124,3184,3892.307087,ThI,0.1969859999999244,19759.310022039608,3891.2048588364573
3892.828887,0.000146,25688.25985,7677,3892.828743,ThI,0.2060839999999189,18889.52508201283,3891.726166050273
3893.082045,0.000146,25686.5894,50971,3893.081469,ArII,0.23210100000005696,16773.223919754953,3891.9792581260226
3894.447469,0.000116,25677.58348,3338,3894.446268,NoID,0.307669999999689,12657.871969980617,3893.3443265511037
3895.763534,0.000111,25668.90909,16986,3895.763290,ArI,0.5909639999999854,6592.218026817363,3894.6600488168256
3896.759819,0.000112,25662.34632,4407,?,,0.23687199999994846,16450.90943210193,3895.6560743522305
3899.900264,0.00011,25641.68138,3858,3899.901250,NoID,0.28713599999991857,13582.066560797342,3898.7957014314143
3901.98325,0.000137,25627.99315,17311,3901.983592,ThII,0.251538000000437,15512.50009936161,3900.8781448828463
3902.767225,0.000134,25622.84508,18965,3902.767436,ThI,0.509179000000131,7664.823618018409,3901.661915675141
3903.276404,0.000139,25619.5026,4957,3903.276298,NoID,0.509179000000131,7665.823618018409,3902.1709620431334
3906.292246,0.00013,25599.72314,6488,3906.292771,ThII,1.10402699999986,3538.2216612460525,3905.1860184311886
3908.266892,0.00013,25586.78892,4654,3908.267063,ThI,0.38325499999973545,10197.562698471509,3907.160150009447
3908.650147,0.000133,25584.28006,4923,3908.650079,ThI,0.38325499999973545,10198.562698471509,3907.5433051630694
3909.855555,0.000128,25576.39243,6974,3909.856277,ThI,0.231876999999713,16861.76531094002,3908.7483991206914
3911.88127,0.000128,25563.14803,5738,3911.881138,ThI,0.20339300000023286,19233.11652807875,3910.7735863415223
3915.87698,0.000124,25537.06373,26200,3915.875666,ArII,0.4775760000002265,8199.484438075076,3914.7682552126003
3916.403416,0.000127,25533.63108,3464,3916.404242,ThI,0.5264360000001034,7439.46731606355,3915.294554034876
3916.957559,0.000124,25530.01877,5517,3916.957907,ThI,0.55414299999984,7068.495964040205,3915.8485526351337
3918.378388,0.00012,25520.76142,15959,3918.378698,ThI,0.4725170000001526,8292.565956354447,3917.26901138234
3919.611132,0.000112,25512.73497,17304,?,,0.43142600000010134,9085.245516030744,3918.5014341305996
3924.022693,0.00011,25484.05242,7452,?,,0.6948749999996835,5647.091481204227,3922.911845392402
3925.515604,0.000108,25474.36059,10200,3925.514663,NoID,0.6051250000000437,6487.115230736983,3924.4043672790294
3927.157411,0.000127,25463.71065,18702,3927.157018,ArII,0.32666900000003807,12021.824571659823,3926.0457463387374
3929.976286,0.000122,25445.44616,13675,3929.977037,ThI,0.24037499999985812,16349.355323982609,3928.8638865480457
3933.339774,0.000127,25423.68718,3809,3933.339710,ThII,0.22870599999987462,17198.236049785122,3932.2264977194714
3934.774849,0.000126,25414.41476,24698,3934.774827,Contam,0.3088510000002316,12740.042444405392,3933.661198584724
3935.389394,0.000123,25410.44608,11352,3935.388090,NoID,0.21515999999974156,18290.52516269161,3934.2755833637584
3937.468052,0.000128,25397.03146,6092,3937.467581,NoID,0.41343200000028446,9523.85894656749,3936.3536994069
3938.154423,0.000122,25392.60508,6099,3938.155118,ThII,0.24844500000017433,15851.212232072437,3937.0398914464627
3943.474535,0.000125,25358.3481,5057,3943.473991,NoID,0.19746500000019296,19970.498746593807,3942.358616197271
3943.672,0.000123,25357.07838,8592,3943.671779,NoID,0.19746500000019296,19971.498746593807,3942.55602970329
3944.023875,0.000125,25354.81609,5650,3944.024215,ThI,0.3518739999999525,11208.625459683104,3942.9078129423206
3945.122849,0.000116,25347.75312,3706,3945.123319,Contam,0.31620799999973315,12476.353694414212,3944.006500349332
3946.624094,0.000112,25338.11116,10683,3946.623948,ThII,0.3012919999996484,13099.000617356602,3945.5073538373626
3946.937116,0.000112,25336.10166,8014,3946.936953,ThII,0.27699699999993754,14249.024776444836,3945.8202942018706
3948.252874,0.000111,25327.65838,7610,3948.253604,NoID,0.19494200000008277,20253.474746326207,3947.1357090473252
3951.923063,0.000107,25304.13634,12853,3951.923116,ThI,0.30258599999979197,13060.495406273645,3950.8049407839376
3953.977784,0.000109,25290.98681,3443,3953.979084,NoID,0.47898199999963254,8254.961113367586,3952.859125827583
3956.288931,0.00013,25276.21257,24868,3956.289161,ThI,0.44194000000015876,8952.095150922249,3955.169669949284
3961.389115,0.000132,25243.67011,7023,3961.389839,ThI,0.22118600000021615,17909.764248171803,3960.2685233995603
3963.540591,0.000131,25229.96743,21014,3963.540736,ThI,0.32085400000005393,12353.09701920292,3962.4194380622716
3965.151541,0.000132,25219.71707,11975,3965.151851,ThI,0.2993029999997816,13247.951209987516,3964.029967731446
3968.08657,0.000136,25201.06309,4906,3968.087057,NoID,0.4279930000002423,9271.3819384844,3966.9642308741563
3969.482162,0.000138,25192.20289,64744,3969.481593,ArII,0.5646889999998166,7029.501481348652,3968.359458691796
3970.125193,0.000139,25188.12258,19865,3970.125552,ThII,0.6430310000000645,6174.080554436103,3969.0023218871097
3970.788258,0.000143,25183.91652,10606,3970.787157,ThI,0.6630650000001879,5988.535449765672,3969.6652138513773
3973.763121,0.000111,25165.06318,35548,3973.763386,ThI,0.30328400000007605,13102.448929053307,3972.6393004834817
3977.539585,0.000109,25141.17028,7189,3977.539693,ThII,0.4933729999997922,8061.932016956086,3976.4147788291143
3980.841667,0.000145,25120.31584,5831,3980.840897,ArI,0.24048499999980777,16553.388639637324,3979.7159989078295
3981.880456,0.000142,25113.76248,5903,3981.880976,ThII,0.35201300000017,11311.742623136295,3980.7545167439525
3982.232469,0.000141,25111.54253,8672,3982.232521,ThII,0.35201300000017,11312.742623136295,3981.1064378533483
3982.954417,0.00014,25106.99082,10554,3982.954373,ThI,0.2745359999998982,14507.949474755504,3981.828197391071
3985.221639,0.000142,25092.70727,4880,3985.222349,ThI,0.7848280000002887,5077.828057865588,3984.094827516687
3986.006467,0.000139,25087.76662,14718,3986.006582,ThI,0.531130999999732,7504.752061171371,3984.8794506236013
3989.285697,0.000141,25067.14424,8045,3989.285147,ArII,0.29065099999979793,13725.346539329896,3988.157824477846
3989.72807,0.000139,25064.36485,8996,3989.727680,ThII,0.2451269999996839,16276.167333688843,3988.6000819769147
3989.973197,0.00014,25062.825,5134,3989.973675,ThII,0.2451269999996839,16277.167333688843,3988.845144975156
3992.021496,0.000136,25049.96531,10855,3992.021594,ThI,0.40057200000001103,9965.802642221348,3990.892909155882
3993.182444,0.000136,25042.68247,24284,3993.181961,ArII,0.21998900000016874,18151.736877739055,3992.05355401497
3993.402433,0.000121,25041.30292,3548,3993.401623,ThII,0.21998900000016874,18152.736877739055,3992.2734855715194
3994.428355,0.000135,25034.87135,9679,3994.428108,NoID,0.21543199999996432,18541.48109380529,3993.2991396787984
4000.382891,0.000112,24997.60716,5949,4000.382469,ArII,0.2998350000002574,13341.94770789456,3999.252120667039
4004.237505,0.000109,24973.54362,5995,4004.237460,ThII,0.4689699999998993,8538.366004223852,4003.105727917322
4007.094427,0.000128,24955.73833,8423,4007.094063,ThI,0.3870839999999589,10352.002219157665,4005.9619036809763
4007.513322,0.000128,24953.12978,6546,4007.513302,ThII,0.350807000000259,11423.698278532187,4006.380689259795
4012.343554,0.000127,24923.09012,8616,4012.343203,ArII,0.382122999999865,10500.136223156987,4011.2096594516743
4012.725677,0.000123,24920.71675,37196,4012.725637,ThI,0.382122999999865,10501.136223156987,4011.5916826225293
4015.851153,0.000123,24901.32134,44482,4015.851223,ThI,0.8024599999998827,5004.42533335068,4014.7163420595134
4021.490226,0.000128,24866.40384,19055,4021.490443,ThI,0.25466099999994185,15791.54336942413,4020.353941629556
4022.285872,0.000133,24861.48503,6072,4022.286282,ThI,0.5409850000000915,7435.115339610746,4021.1493797187927
4022.887225,0.000116,24857.76866,6394,4022.887284,ThI,0.6013530000000173,6689.726707940068,4021.750575576089
4033.735221,0.000115,24790.91822,48281,4033.734639,ThI,1.174250999999913,3435.1558746812216,4032.595736421757
4035.386199,0.000116,24780.77564,7992,4035.386058,ThII,0.34002700000019104,11867.840492071902,4034.2462828665443
4037.501485,0.000117,24767.79275,6092,4037.500792,ThI,0.20448700000042663,19744.53869924042,4036.3610159182276
4037.705972,0.000113,24766.5384,65556,4037.705727,ThII,0.20448700000042663,19745.53869924042,4036.5654494625705
4039.370148,0.000116,24756.33486,24650,4039.369668,ThI,0.22778000000016618,17733.647150746565,4038.22919041444
4039.597928,0.000119,24754.93893,5112,4039.597394,ThI,0.22778000000016618,17734.647150746565,4038.4569108668984
4041.007002,0.000118,24746.30703,24082,4041.006224,ThI,0.5274150000000191,7661.9114018369855,4039.865616491292
4042.345131,0.000122,24738.11532,15585,4042.345330,ThII,0.23001299999987168,17574.42027625506,4041.2033956510013
4044.272506,0.000126,24726.3259,14641,4044.272506,ThII,0.23596999999972468,17138.926583907778,4043.130266737953
4046.06949,0.000134,24715.34417,9243,4046.069600,ThI,0.3000130000000354,13486.313893063043,4044.926780894081
4046.369503,0.000135,24713.51169,9582,4046.369583,ThI,0.3000130000000354,13487.313893063043,4045.2267154499127
4047.108417,0.00014,24708.99954,51412,4047.108112,ArI,0.28644800000029136,14128.597221819959,4045.965436244164
4047.394865,0.000143,24707.2508,4422,4047.395241,ThI,0.28644800000029136,14129.597221819959,4046.251809344921
4047.968371,0.00012,24703.75033,3017,4047.967983,ThI,0.23488700000007157,17233.684158760454,4046.825165385347
4051.088594,0.000114,24684.72305,62829,4051.088750,ThI,0.9429030000001148,4296.400153567765,4049.944572476596
4052.031497,0.000113,24678.97895,55731,4052.031472,NoID,0.22931700000026467,17670.000466582605,4050.8872289040946
4052.643584,0.000113,24675.25158,10292,4052.643564,ThI,0.3097339999999349,13084.27096799464,4051.499155838106
4054.820784,0.000114,24662.00242,3554,4054.820837,NoID,0.6263800000001538,6473.419943163901,4053.6757864622296
4055.447164,0.000111,24658.19328,12531,4055.446930,ThI,0.22438299999976152,18073.77191678652,4054.3020026472855
4055.671547,0.000111,24656.82905,31092,4055.670732,ArI,0.22438299999976152,18074.77191678652,4054.526326964584
4059.087002,0.000146,24636.08194,5795,4059.087322,ThI,0.6139720000001034,6611.192370334993,4057.9408886837623
4062.7721,0.000139,24613.73603,3807,4062.772500,ThI,0.4579189999999471,8872.25055086264,4061.6250227969517
4065.479346,0.000132,24597.34548,43722,4065.479342,ThI,0.6398589999998876,6353.711280142523,4064.3315606254905
4068.59958,0.00013,24578.48162,66072,4068.599368,ThI,0.42587300000013784,9553.551363901171,4067.4509783655176
4072.704464,0.000124,24553.70894,3228,4072.702861,ThI,0.22157800000013594,18380.455027112355,4071.554788425338
4075.792407,0.000142,24535.10631,3010,4075.792525,ThII,0.20374300000003132,20004.576387897367,4074.64192347242
4077.057979,0.000116,24527.49029,10086,4077.057811,ThI,0.19555300000001807,20848.86439481687,4075.907164321229
4079.452843,0.000115,24513.0913,5557,4079.452976,ThI,0.32240600000022823,12653.154230991706,4078.3014016505826
4080.026643,0.000114,24509.64387,10850,4080.026721,NoID,0.21567000000004555,18917.914605643524,4078.87505149743
4085.771955,0.000126,24475.17901,7038,4085.772308,NoID,0.33596899999974994,12161.157591929736,4084.61885993918
4093.14201,0.00012,24431.10934,4257,4093.142955,ThI,0.2505670000000464,16335.519082717366,4091.9869858824122
4094.547535,0.000119,24422.72294,5371,4094.547508,ThII,0.27954799999997704,14647.028542505532,4093.3921429585894
4094.827083,0.000116,24421.05563,35948,4094.826837,ThI,0.27954799999997704,14648.028542505532,4093.6716177799462
4100.089852,0.000118,24389.7094,13038,4100.089600,ThII,0.28584500000033586,14343.752215344619,4098.933009029416
4101.150432,0.000123,24383.40209,3808,4101.150749,ThI,0.31172000000060507,13156.52005643539,4099.993311357503
4102.076271,0.000123,24377.89875,10466,4102.076481,ThI,0.31951500000013766,12838.446617524161,4100.918907956676
4103.775563,0.000117,24367.80435,43718,4103.775588,ThI,0.20157599999947706,20358.453203807232,4102.617755038674
4103.977139,0.000118,24366.60747,5793,4103.977824,ThI,0.20157599999947706,20359.453203807232,4102.819278259761
4104.618135,0.000318,24362.80227,3042,4104.618230,NoID,0.1981710000000021,20712.50654737553,4103.460106425272
4105.539847,0.000116,24357.33271,10536,4105.540421,ThII,0.4560879999999088,9001.639698919553,4104.381577085412
4105.995935,0.000116,24354.62713,14386,4105.996969,NoID,0.4560879999999088,9002.639698919553,4104.837545662008
4108.209289,0.000113,24341.50574,41591,4108.209583,NoID,0.23607300000003306,17402.283569063064,4107.050320092952
4117.53471,0.000141,24286.37693,6808,4117.536140,ArII,0.3402219999998124,12102.493989225477,4116.373298894488
4125.204201,0.000132,24241.22422,15210,4125.203762,ThI,0.3149329999996553,13098.67241922731,4124.040780966998
4126.868525,0.000111,24231.44798,3278,4126.863055,NoID,0.3314860000000408,12449.60126521027,4125.704668971374
4129.80477,0.000136,24214.2197,35929,4129.804462,ArII,0.5184039999994638,7966.382917578319,4128.6401447357375
4132.373701,0.00012,24199.16669,3993,4132.373255,ThI,0.20636200000080862,20024.87716238362,4131.2084026865095
4132.595528,0.000118,24197.86774,8622,4132.591931,ThII,0.2218269999993936,18629.812998468613,4131.430171566912
4135.49001,0.000115,24180.93134,15436,4135.489658,ThI,0.20343700000012177,20328.111454639642,4134.323895173688
4136.646223,0.000114,24174.17265,27634,4136.646437,ThI,0.6518020000003162,6346.476726057903,4135.479805216387
4139.207662,0.000112,24159.21311,26433,4139.207715,ThI,0.25293000000056054,16365.032467444853,4138.040573025747
4145.038424,0.000141,24125.22871,3409,?,,0.3739099999993414,11085.65811025996,4143.869807008046
4150.000693,0.000144,24096.38152,7323,4150.001316,ThI,0.48382500000025175,8577.48295974338,4148.83077543083
4152.315995,0.000146,24082.94555,5710,4152.315813,ThI,0.4857979999997042,8547.412700345676,4151.145470556279
4155.892027,0.000145,24062.22283,19537,4155.891980,ThI,0.3405009999996764,12205.227083045129,4154.720565164218
4160.326509,0.000119,24036.57496,6713,4160.326347,ThI,0.506930999999895,8206.889121006334,4159.153884641275
4162.282875,0.000119,24025.27723,3407,4162.282517,NoID,0.37012200000026496,11245.70513235371,4161.109737733153
4170.143993,0.00014,23979.9873,5961,4170.142759,ArII,0.24450400000023365,17055.5246253477,4168.9687945292935
4170.388497,0.000141,23978.58139,3011,4170.388199,NoID,0.24450400000023365,17056.5246253477,4169.213234414032
4171.960357,0.000141,23969.54703,3881,4171.961338,ThII,0.25165800000013405,16577.896816305372,4170.784682223522
4172.516838,0.00014,23966.35026,5510,4172.516848,NoID,0.5564809999996214,7498.040073251087,4171.341017293507
4173.801996,0.000142,23958.97076,4906,4173.801885,NoID,0.33187999999972817,12576.23838737923,4172.625838270471
4180.026395,0.00015,23923.29391,35118,4180.025890,ThI,0.4838529999997263,8639.04201276496,4178.848604834325
4185.316812,0.000155,23893.05386,21688,4185.316787,ThI,0.4666619999998147,8968.625711974966,4184.137634173786
4186.984656,0.000122,23883.5363,4198,?,,0.3368139999993218,12431.147921429721,4185.805040670219
4188.320539,0.00012,23875.91854,9563,4188.320984,ThI,0.45807800000056886,9143.247523336198,4187.140573234204
4193.008402,0.000117,23849.22481,4974,4193.008157,ThII,0.5348059999996622,7840.24188584767,4191.827206408644
4193.543208,0.000115,23846.1833,33914,4193.543348,ThI,0.5348059999996622,7841.24188584767,4192.361872098406
4194.699471,0.000116,23839.61013,5110,4194.699335,ThI,0.5015919999996186,8362.771876352075,4193.517831738887
4196.740429,0.000115,23828.01646,3318,4196.739963,ThII,0.27437299999928655,15295.748594106975,4195.558254250559
4203.447799,0.000144,23789.9945,8227,4203.447781,ThI,0.2919130000000223,14399.659484160276,4202.26386426553
4204.760465,0.000139,23782.5676,18184,4204.760518,ThI,0.3081830000000991,13643.71319962051,4203.576185798067
4205.722664,0.000138,23777.12655,5274,4205.722937,NoID,0.3710579999997208,11334.407731414401,4204.538132293396
4208.360616,0.000132,23762.22219,3539,4208.360862,ThI,0.43736600000011094,9622.05707805118,4207.175392003393
4208.797982,0.00013,23759.75289,5466,4208.797554,ThI,0.43736600000011094,9623.05707805118,4207.612643219645
4209.596706,0.000126,23755.24474,23688,4209.596412,ThI,0.7853159999995114,5360.385763186564,4208.41115759718
4210.382022,0.000126,23750.81394,9063,4210.382205,NoID,0.7257100000006176,5801.741772879548,4209.196267490131
4211.643029,0.000126,23743.70271,9780,4211.641558,ThI,0.3080040000004374,13673.988094291046,4210.4569435302665
4216.815246,0.000121,23714.57941,7758,4216.814714,ThI,0.22369499999967957,18850.735358439128,4215.627802954235
4217.038941,0.000121,23713.32146,5846,4217.039876,ThI,0.22369499999967957,18851.735358439128,4215.8514392366105
4219.374272,0.000468,23700.19665,3422,4219.374495,ThII,0.22858199999973294,18458.908715493475,4218.1861572198295
4220.760501,0.000235,23692.41277,5620,4220.760264,ThI,0.4950440000002345,8526.03102148092,4219.572022324966
4221.255545,0.000117,23689.63426,43098,4221.253721,ThI,0.4950440000002345,8527.03102148092,4220.066936369862
4222.342619,0.000117,23683.53519,6823,4222.341958,ThI,0.30192600000009406,13984.693663343616,4221.153724994895
4222.880529,0.000116,23680.51838,6276,4222.881150,ThI,0.46038099999987026,9172.577775801326,4221.691493782182
4227.489336,0.000136,23654.70189,19255,4227.489639,ThI,0.2536819999995714,16664.522260180627,4226.299090807894
4229.607355,0.000135,23642.85656,8178,4229.607455,NoID,0.25868499999978667,16350.41596924247,4228.416553714107
4230.645261,0.000134,23637.05625,8028,4230.645753,ThII,0.30692199999975855,13784.105606647056,4229.454187199036
4231.61744,0.000108,23631.62583,68111,4231.618090,ThI,0.39745899999979883,10646.676613190648,4230.426110936054
4232.014899,0.000133,23629.40641,18390,4232.015618,ThI,0.257038000000648,16464.549595738103,4230.8234655745955
4234.480332,0.000137,23615.64871,4134,4234.479456,ThII,0.6181429999996908,6850.324814811651,4233.288251202538
4236.176454,0.000138,23606.19325,3890,4236.176444,ThII,0.47998399999960384,8825.661801233993,4234.983927816478
4242.289073,0.000137,23572.17961,31822,4242.288985,ThI,0.343485000000328,12350.725862835201,4241.094941568956
4243.165476,0.000142,23567.31091,3763,4243.166936,NoID,0.27086700000018027,15665.125231191603,4241.97111439832
4243.914485,0.000144,23563.15151,3852,4243.914288,ThII,0.2998139999999694,14155.15781451311,4242.719926682008
4244.214299,0.000143,23561.48699,7008,4244.214190,NoID,0.24143999999978405,17578.753723508104,4243.019661939373
4244.455739,0.000143,23560.14673,14756,4244.455834,ThI,0.24143999999978405,17579.753723508104,4243.261038527631
4246.75255,0.000121,23547.40447,8041,4246.752978,ThI,0.3010530000001381,14106.328619871092,4245.557246277996
4250.672218,0.000118,23525.69073,8808,4250.672513,ThI,0.20354200000019773,20883.514056046763,4249.475884724688
4250.87576,0.000119,23524.56427,5354,4250.875519,ThII,0.20354200000019773,20884.514056046763,4249.679373259394
4254.736232,0.000114,23503.2196,63901,4254.735888,ThI,0.3290289999995366,12931.189141400886,4253.538831169645
4255.065261,0.000116,23501.40218,3715,4255.064913,ThII,0.3290289999995366,12932.189141400886,4253.867773734818
4256.435038,0.000113,23493.83912,45012,4256.435150,NoID,0.785052999999607,5421.844178676,4255.237190892712
4259.097068,0.000148,23479.15495,9807,4259.096805,NoID,0.33385100000032253,12757.478839350146,4257.898521545411
4260.193899,0.000114,23473.11,4730,4260.194316,NoID,0.4752379999999903,8964.337656079873,4258.995064383692
4262.004797,0.000147,23463.13643,3833,4262.002077,ThI,0.3328819999996995,12803.350127083613,4260.8054866067505
4262.474593,0.000145,23460.5504,6723,4262.474828,ThII,0.21759600000041246,19588.938183569186,4261.275159174467
4262.692189,0.000145,23459.35281,7436,4262.691519,ThI,0.21759600000041246,19589.938183569186,4261.492698003783
4263.165765,0.000146,23456.74682,3167,4263.166114,NoID,0.4735759999994116,9002.073088596755,4261.966149576616
4263.81223,0.000143,23453.19039,20128,4263.812173,NoID,0.6087819999993371,7003.840833015173,4262.612444722737
4265.306985,0.000145,23444.97134,3201,4265.306646,ThII,0.23372500000004948,18249.25440153641,4264.106806978439
4270.266274,0.000142,23417.74343,7552,4270.265460,ThI,0.4560429999992266,9363.736038064922,4269.064792848806
4271.143995,0.00014,23412.93108,37663,4271.144357,ThI,0.314766000000418,13569.267312842965,4269.942283200507
4271.530344,0.000144,23410.81344,5166,4271.530863,ThII,0.3863489999994272,11056.144429017115,4270.328530674083
4271.936854,0.000143,23408.58571,6747,4271.936820,ThI,0.4065099999997983,10508.811232201222,4270.734933848813
4272.96258,0.000145,23402.96647,10259,4272.962319,NoID,0.2080390000000989,20539.23821974711,4271.7603902981655
4281.127295,0.00012,23358.33371,5180,?,,0.28495999999995547,15023.60785724547,4279.922959494024
4282.619491,0.000117,23350.19495,27875,4282.619225,ThII,0.34669600000052014,12352.664844686917,4281.4147632856575
4284.490394,0.000118,23339.99865,3089,4284.490384,NoID,0.23311699999976554,18379.141778610352,4283.28517452157
4284.723511,0.000115,23338.7288,14895,4284.723713,ThII,0.23186299999997573,18479.548315170807,4283.518230245827
4287.1457,0.000141,23325.54268,4862,4287.145402,ThI,0.23641200000020035,18134.213576283637,4285.939782546885
4293.513859,0.000135,23290.94613,5810,4293.513348,ThI,0.49667499999941356,8644.513734343524,4292.306267460529
4296.793327,0.000133,23273.16964,22079,4296.793426,ThI,0.23093499999959022,18606.072388367396,4295.584873259054
4297.024262,0.000134,23271.91887,8474,4297.024016,ThI,0.23093499999959022,18607.072388367396,4295.815747542076
4298.177407,0.000137,23265.67532,3109,4298.178149,NoID,0.33847100000002683,12698.805531344367,4296.9685893553215
4298.842612,0.000136,23262.07517,3354,4298.842589,NoID,0.26110400000015943,16464.10094061131,4297.633619455415
4305.199872,0.000124,23227.7253,18084,4305.199928,ThI,0.30258299999968585,14228.161767199314,4303.989207849225
4309.333556,0.00012,23205.44435,64216,4309.333732,ThI,0.22008999999980006,19579.869853259643,4308.1218048084465
4317.759302,0.000142,23160.16086,3251,?,,0.3246710000003077,13298.875791172937,4316.545334807253
4319.055811,0.000137,23153.20857,5151,4319.054350,ThI,0.30560200000036275,14132.943537656407,4317.841502788645
4321.34134,0.000132,23140.96299,60621,4321.341300,ThII,0.22642400000040652,19085.173568138718,4320.126430608951
4321.953969,0.000134,23137.6828,10577,4321.953726,ThI,0.2879990000001271,15006.83672164866,4320.738898460084
4326.49053,0.000132,23113.42168,39475,4326.490376,ThI,0.25411999999960244,17025.38379508409,4325.274266082197
4328.932065,0.000133,23100.38561,12337,4328.931468,ThI,0.26789999999982683,16158.760974254566,4327.715158774252
4329.906051,0.000137,23095.18932,3252,4329.905043,ThII,0.2266140000001542,19106.966255381634,4328.6888885340495
4333.557239,0.000141,23075.73074,17834,4333.557641,ThI,0.30934199999956036,14008.952030458711,4332.339115922154
4343.269313,0.000121,23024.13062,3303,4343.268186,ThI,0.3954410000005737,10983.356083445315,4342.048634391887
4343.89608,0.000119,23020.80855,7035,4343.896447,ThI,0.23132600000008097,18778.2440365479,4342.67523645501
4344.824759,0.000122,23015.88799,3895,4344.824625,ThII,0.22192900000027294,19577.54398476385,4343.6036710648805
4345.172627,0.000117,23014.04538,33874,4345.172660,ThII,0.34786799999983486,12490.866153259461,4343.951447519222
4348.860886,0.000142,22994.52722,6045,4348.860681,ThI,0.39228000000002794,11086.114219434308,4347.638735872411
4357.268609,0.000133,22950.15731,18047,4357.268876,ThI,0.47728900000038266,9129.203918373369,4356.04424594265
4357.745898,0.000133,22947.64365,14482,?,,0.47728900000038266,9130.203918373369,4356.521409308754
4358.838232,0.000133,22941.89293,18628,4358.838009,ThII,0.23975100000006933,18180.68843090848,4357.613455776066
4361.392744,0.000135,22928.45563,20160,4361.392711,ThI,0.5172450000000026,8431.966947964655,4360.167295334568
4363.698111,0.000141,22916.34239,15530,4363.698185,ThI,0.2494540000006964,17492.997149726274,4362.472055449707
4365.021134,0.000148,22909.39653,46618,4365.020662,ArI,0.22135600000001432,19719.461564175886,4363.794730153866
4366.246744,0.000128,22902.96583,3258,4366.246541,ThI,0.5116449999995893,8533.742622332877,4365.020017495098
4371.608388,0.000137,22874.87605,3254,?,,0.5048119999992196,8659.874147220666,4370.380249882012
4372.368463,0.000122,22870.89957,7538,4372.368094,ThI,0.7600750000001426,5752.548712954878,4371.14012475821
4373.323846,0.000121,22865.90326,6840,?,,0.3943699999999808,11089.39281892693,4372.0952562068405
4375.241422,0.000118,22855.88162,48162,4375.241062,ThI,0.4897309999996651,8933.968693023297,4374.012327297653
4380.44436,0.000135,22828.73421,21483,4380.443997,ArII,0.4534329999996771,9660.620995832063,4379.213895243293
4381.516786,0.000132,22823.14661,22540,4381.517096,ThI,0.42950399999972433,10201.3410492168,4380.286038832358
4388.967355,0.000131,22784.40278,51153,4388.966908,ThI,0.367247000000134,11950.995801186664,4387.734645658545
4389.334602,0.000135,22782.49645,6153,4389.334285,ThI,0.25631500000054075,17124.766798629575,4388.101795933871
4390.202859,0.000135,22777.99072,6470,4390.201071,NoID,0.26939800000036485,16296.34540343304,4388.96982425176
4394.993735,0.000136,22753.16099,36658,4394.993308,ThI,0.49123599999984435,8946.807104938141,4393.7594383627265
4397.374504,0.000128,22740.84227,5103,4397.374324,ThI,0.3387640000000829,12980.642878224737,4396.139580241162
4397.713268,0.000127,22739.0905,13458,4397.713384,ThII,0.3387640000000829,12981.642878224737,4396.478255004685
4398.244732,0.000127,22736.34281,4781,4398.244889,ThI,0.5314639999996871,8275.71525447178,4397.009579006491
4400.642348,0.000133,22723.9553,10403,4400.641825,ThI,0.3123040000000401,14090.893321889682,4399.406563410014
4401.621653,0.000125,22718.89951,4951,4401.622352,ThII,0.2888330000005226,15239.330869367546,4400.385610426903
4408.146248,0.00012,22685.27276,4027,4408.145385,ThI,0.36635200000000623,12032.543149757406,4406.908486504843
4409.121801,0.00027,22680.25346,3369,?,,0.5981369999999515,7371.4246084097085,4407.883782475484
4411.13737,0.000156,22669.89024,28406,4411.137630,ThI,0.5096919999996317,8654.515609433125,4409.898820418449
4415.453211,0.000151,22647.73178,3003,4415.453889,ThI,0.2728660000002492,16181.763983039176,4414.213524227219
4416.363473,0.000156,22643.06383,3606,?,,0.3567689999999857,12378.775826936135,4415.123546368938
4417.478153,0.000146,22637.35021,12442,4417.477258,ThII,0.42197399999986374,10468.602693534262,4416.237932640266
4421.011575,0.000145,22619.25768,7119,4421.010358,ThI,0.2338579999996,18904.68393216209,4419.770423511844
4424.504066,0.000151,22601.40312,4281,4424.505284,ThI,0.26621499999964726,16620.040441018962,4423.261994112224
4426.69288,0.00013,22590.22767,12782,?,,0.3345199999994293,13232.96926942351,4425.450231250374
4431.066728,0.000127,22567.92916,8233,4431.066562,ThI,0.46995999999944615,9428.60398332884,4429.822926456156
4434.735785,0.000123,22549.25769,21897,4434.735488,ThI,0.34729299999980867,12769.436138944473,4433.4910163519135
4436.202222,0.000122,22541.80378,16438,4436.201548,Contam,0.3353660000002492,13227.942671578823,4434.957066805359
4436.923812,0.000123,22538.13774,5491,4436.924095,NoID,0.23469399999976304,18905.143770204948,4435.678466593658
4437.29333,0.000123,22536.26086,5125,4437.293913,ThII,0.23573399999986577,18823.306481044427,4436.047887187488
4437.529064,0.000122,22535.06367,8764,4437.529925,ThII,0.23573399999986577,18824.306481044427,4436.283559046895
4438.690703,0.000121,22529.16607,6915,4438.690639,ThI,0.355691000000661,12479.063858775598,4437.444891829638
4440.369648,0.000119,22520.64759,18219,4440.369941,ThII,0.33819099999982427,13129.76882295007,4439.123394235429
4441.820403,0.000118,22513.29206,45522,4441.820355,ThII,0.2201279999999315,20178.352608488618,4440.573766784959
4442.11275,0.000117,22511.8104,35531,4442.112631,ThII,0.29234700000051816,15194.658231458256,4440.866036714781
4448.478046,0.000141,22479.59841,13134,4448.477988,ThI,0.4883859999999913,9108.529003698057,4447.229654562042
4450.769156,0.000142,22468.02665,15571,4450.770116,ArII,0.6405600000007325,6948.247090038264,4449.520160486219
4458.487187,0.000135,22429.13253,18976,4458.487233,ThI,0.4049300000006042,11010.513389952208,4457.236156368221
4465.38908,0.000127,22394.46512,5926,4465.391497,ThI,0.30178499999965425,14796.590552894,4464.136229223533
4466.593475,0.000125,22388.42656,44658,4466.593807,ThII,0.38342699999975594,11649.13653707966,4465.340306582363
4467.228834,0.000178,22385.24233,8499,4467.228461,ThI,0.578084000000672,7727.646560006517,4465.975498013294
4469.574913,0.000122,22373.49232,16786,4469.574778,ThI,0.5628560000004654,7940.885258389898,4468.320958244573
4472.245124,0.00012,22360.13394,30836,4472.245313,ThI,0.5895279999995182,7586.145397680271,4470.99046495726
4474.935222,0.000119,22346.6922,6679,?,,0.2774250000002212,16130.252219505928,4473.679853392265
4477.020965,0.000145,22336.28138,8432,4477.021401,ThI,0.5437039999997069,8234.298377430392,4475.765046215203
4478.469883,0.000143,22329.05493,3208,4478.472556,ThI,0.7203979999994772,6216.660627879658,4477.213582008327
4485.070755,0.000118,22296.19229,3229,?,,0.225814000000355,19861.79224934215,4483.812712660455
4489.571181,0.000134,22273.84219,27960,4489.571542,ThI,0.36735399999997753,12221.375515171401,4488.311951311291
4491.455917,0.000146,22264.49549,3003,4491.455612,ThII,0.2582650000003923,17390.88113756482,4490.196190034007
4491.932808,0.000145,22262.13175,12254,4491.931386,NoID,0.30928100000073755,14523.791658683487,4490.672955206434
4494.827341,0.000129,22247.79561,25730,4494.827465,ThI,0.5050759999994625,8899.308898076297,4493.566724463092
4495.951736,0.000129,22242.23165,15536,4495.951625,ThI,0.2714219999998022,16564.433745250113,4494.690822773427
4497.899731,0.000268,22232.59876,3972,4497.899521,NoID,0.21747400000003836,20682.471150570676,4496.638303750514
4499.800996,0.000125,22223.205,65851,4499.799761,ArII,0.7230730000001131,6223.162800988692,4498.53906704229
4500.96552,0.000126,22217.45525,5282,4500.965955,ThI,0.2711490000001504,16599.60213756091,4499.703283738381
4505.894075,0.000121,22193.15375,8507,4505.894147,ThI,0.5859590000000026,7689.7770577804595,4504.630538086084
4508.682553,0.000152,22179.42799,9116,4508.682815,NoID,0.34200499999951717,13183.089583504232,4507.418280155961
4509.793004,0.000119,22173.96672,3915,?,,0.36547299999983807,12339.606493508407,4508.528438078282
4516.89394,0.000139,22139.10739,6009,4516.893897,ThI,0.230040999999801,19635.16912204306,4515.62749982484
4519.609377,0.00014,22125.80594,4098,4519.609692,ThI,0.45777600000019447,9872.97144672958,4518.342220042227
4525.397355,0.000157,22097.50706,12282,4525.397633,ThI,0.6673689999997805,6780.952299254967,4524.128670107488
4526.107298,0.000132,22094.04095,10007,4526.106756,ThII,0.25189599999976053,17968.158676613773,4524.838425683817
4526.714712,0.000134,22091.07628,3387,4526.714687,ThI,0.2585369999997056,17508.962786777734,4525.445679325898
4531.193482,0.00013,22069.24079,4231,4531.194773,NoID,0.3958620000003066,11446.39667863167,4529.923266877124
4532.983982,0.000127,22060.52357,6143,4532.984141,ThII,0.33391500000016094,13575.263111863243,4531.713294139687
4535.674124,0.000125,22047.43931,5393,4535.673942,ThI,0.28372399999989284,15986.219438615391,4534.402725848165
4537.251348,0.000123,22039.77526,22590,4537.251669,ThI,0.222208999999566,20418.845987376124,4535.979533391532
4538.914504,0.000122,22031.69941,33617,4538.914156,ArII,0.4974740000006932,9123.923067323469,4537.64225023358
4543.324532,0.000163,22010.3141,3396,4543.324697,ThI,0.5478539999994609,8292.94763204151,4542.051113704456
4545.787588,0.000146,21998.38819,26945,4545.788248,ThII,0.869764000000032,5226.4609572249865,4544.5135192643975
4549.034085,0.000144,21982.68866,50366,4549.033146,ArII,0.5093679999999949,8930.741791789129,4547.759158895208
4551.109818,0.000142,21972.66249,6094,4551.109568,ThI,0.34988700000030803,13007.370431013422,4549.834343690395
4560.336543,0.000133,21928.20619,8081,4560.335001,ThI,0.253444999999374,17993.3971591914,4559.058631676313
4560.589988,0.000133,21926.98757,11762,4560.590024,ThI,0.253444999999374,17994.3971591914,4559.312009729963
4563.75321,0.000131,21911.78957,7394,4563.754412,ThI,0.22466799999983778,20313.32103371773,4562.474396156606
4565.458982,0.00013,21903.60277,4711,4565.457517,ThII,0.22616399999969872,20186.4973293985,4564.17971755513
4566.488399,0.000301,21898.66507,3250,?,,0.3736479999997755,12221.36449011568,4565.208862615599
4569.422683,0.000125,21884.6027,50744,4569.422934,ThI,0.3809799999999086,11993.864987666271,4568.142371446023
4569.803663,0.000125,21882.77821,14102,4569.803936,ThI,0.3809799999999086,11994.864987666271,4568.523250797343
4570.428198,0.000124,21879.78799,27296,4570.428301,ThI,0.4228180000000066,10809.44566692981,4569.147620804113
4571.372713,0.000125,21875.26729,4028,?,,0.35720299999957206,12797.688465677715,4570.091886273657
4572.499978,0.000123,21869.87435,47280,4572.500658,ThI,0.24675800000022718,18530.30085345071,4571.218853457819
4572.812827,0.000124,21868.37813,5651,4572.812393,NoID,0.31284899999991467,14616.677141372506,4571.531619804281
4573.239096,0.000123,21866.33979,10748,4573.239219,ThI,0.4262690000005023,10728.528455023967,4571.957776184949
4574.173762,0.000123,21861.87172,7573,?,,0.6787289999992936,6739.322707597231,4572.892195245613
4575.308878,0.000121,21856.44787,14883,4575.309836,ThI,0.2525340000001961,18117.595563355615,4574.027011342398
4575.587231,0.000121,21855.11825,8134,4575.587765,ThI,0.2783530000006067,16438.07406778453,4574.305290799355
4576.708212,0.000159,21849.76524,3844,4576.708115,ThII,0.8489420000005339,5391.072902503494,4575.425975624152
4584.938805,0.000152,21810.54192,3324,4584.938830,ThII,0.22014000000035594,20827.37714632773,4583.65439385442
4585.158945,0.000152,21809.49476,3426,4585.159021,NoID,0.22014000000035594,20828.37714632773,4583.874475682996
4585.93731,0.00015,21805.79307,12225,4585.936504,NoID,0.2849310000001424,16094.90476640909,4584.652635000466
4587.554986,0.000155,21798.10385,3177,4587.557438,ThII,0.40521499999977095,11321.286196223222,4586.269883522506
4590.407456,0.000161,21784.55855,9875,4590.408120,ThII,0.6953649999995832,6601.435873250381,4589.121599718702
4593.554813,0.000136,21769.63247,4368,4593.553709,NoID,0.3984100000006947,11529.717660179187,4592.2681249484
4599.725077,0.000131,21740.42977,4953,4599.723886,ThI,0.3262770000001183,14097.607483819984,4598.436758179718
4600.993402,0.000128,21734.43673,25850,4600.993303,ThI,0.3516779999999926,13082.971928867022,4599.704747948835
4602.161944,0.000129,21728.91811,7549,4602.160738,ThI,1.0685859999994136,4306.777315071062,4600.872981085813
4604.175895,0.000126,21719.41348,12576,4604.175700,ThII,0.257434999999532,17884.809349965508,4602.886399755636
4604.657993,0.000127,21717.1395,4401,4604.658269,ThI,0.22466299999996409,20495.844856521704,4603.368370324423
4608.667809,0.000122,21698.2443,18024,4608.668743,ThI,0.2858519999999771,16122.56625456659,4607.377126387921
4611.368155,0.000164,21685.53814,7179,4611.372331,ThI,0.38015600000017,12130.199589110622,4610.0767585542
4612.536158,0.000161,21680.04685,24059,4612.534764,ArII,0.5143820000002961,8967.141459066112,4611.244452784697
4613.835977,0.000154,21673.9391,25106,4613.835531,ThI,0.6850699999995413,6734.838742030871,4612.543928162292
4616.317024,0.000147,21662.29041,60458,4616.316770,ThI,0.3098740000004909,14897.400311070585,4615.024319249567
4617.745579,0.000148,21655.58892,9377,4617.745456,ThI,0.5687510000007023,8119.098830585437,4616.452496572243
4619.200086,0.000148,21648.76995,3264,4619.199968,NoID,0.42021500000009837,10992.468345963181,4617.906619025403
4622.952632,0.000155,21631.19719,4737,4622.949938,ThI,0.4632389999997031,9979.627432066307,4621.658172877187
4623.415871,0.000145,21629.02988,7915,4623.415545,NoID,0.4632389999997031,9980.627432066307,4622.1212893959755
4625.974139,0.000152,21617.06853,6097,4625.972862,NoID,0.3646259999995891,12686.901479886823,4624.678880969982
4626.348499,0.000154,21615.3193,4364,4626.349163,ThII,0.22197400000004563,20841.848590371163,4625.0531419840945
4628.594035,0.000135,21604.83275,59291,4628.593960,ThI,0.9040390000000116,5119.905264042747,4627.298084222066
4631.065873,0.000136,21593.30114,3210,4631.065667,ThII,0.39577099999951315,11701.37749609167,4629.769268598363
4646.007564,0.000121,21523.85648,34770,4646.007753,ThI,0.6661470000008194,6974.447928151421,4644.707008079502
4647.98655,0.000159,21514.69221,60300,4647.987156,ThI,0.2921650000007503,15908.772611326009,4646.685470645809
4648.792064,0.000161,21510.96427,13776,?,,0.24064200000066194,19318.290506176032,4647.490771586263
4651.279346,0.000154,21499.46124,15798,4651.279657,ThI,0.2572860000000219,18078.245011386567,4649.977395680783
4652.680776,0.000149,21492.9854,4790,?,,0.26105199999983597,17822.81222133109,4651.37845498098
4653.291867,0.000148,21490.16285,36879,4653.292029,ThII,0.42844400000012683,10860.91033366933,4651.989384335605
4657.486474,0.000145,21470.80846,6555,4657.488483,NoID,0.3693199999997887,12610.978214022161,4656.1828817417645
4659.683518,0.00015,21460.68496,9762,4659.682489,NoID,1.0796660000005431,4315.856494506315,4658.379344533318
4669.227936,0.000133,21416.81695,6489,4669.227685,NoID,0.25025300000015704,18658.029817812654,4667.921237425414
4670.974464,0.000131,21408.80897,9146,4670.972995,ThI,0.31113899999945716,15012.500727996648,4669.667303319194
4676.684475,0.000126,21382.66982,41431,4676.684677,ThI,0.2607799999996132,17933.447637882262,4675.375803450483
4682.806756,0.000151,21354.71422,4314,4682.807154,ArII,0.2801289999997607,16716.608262636142,4681.496464356395
4684.041023,0.000146,21349.08715,6272,4684.042832,ThI,0.4439390000006824,10551.091530576947,4682.730404724083
4687.883643,0.00014,21331.58747,3577,4687.883154,ThII,0.37740800000028685,12421.26198436821,4686.572007788775
4691.646846,0.000135,21314.47726,4430,4691.646969,ThII,0.2881700000007186,16280.830225173684,4690.334214816515
4693.197957,0.000134,21307.43278,9870,4693.197292,ThI,0.3859419999998863,12160.371136081025,4691.884915282637
4696.768425,0.000141,21291.23494,60046,4696.768236,ThI,0.4162960000003295,11282.280937112733,4695.454438249231
4698.126349,0.000153,21285.08102,9364,4698.126774,NoID,0.34278900000026624,13705.592504416276,4696.812002820536
4702.086566,0.000135,21267.15419,31806,4702.086497,ThI,0.614556999999877,7651.180551195318,4700.771171551627
4706.61261,0.000134,21246.70294,3601,4706.615190,ThII,0.2977449999998498,15807.528623494514,4705.296017436209
4708.362385,0.000131,21238.807,8634,4708.362053,NoID,0.5400999999992564,8717.575236079398,4707.045329222512
4710.377137,0.00013,21229.72261,5043,?,,0.30881699999918055,15252.972268406531,4709.059547847908
4715.109664,0.000184,21208.41446,4195,4715.110256,ThI,0.3284480000002077,14355.726519866213,4713.790821924566
4715.438112,0.000128,21206.93722,3796,4715.436626,NoID,0.3284480000002077,14356.726519866213,4714.1191829657755
4716.749637,0.000124,21201.04048,12926,4716.750145,ThII,0.4311200000001918,10940.688525231726,4715.430360726815
4721.013117,0.000151,21181.89412,10190,4721.013702,ThI,0.22884799999974348,20629.470727318097,4719.692711884986
4721.778231,0.000146,21178.46182,53905,4721.779262,NoID,0.29612600000018574,15945.166013781425,4720.457623298574
4722.101326,0.000148,21177.01275,20346,4722.101828,ThI,0.32309499999973923,14615.21015801486,4720.780632749029
4727.65888,0.00015,21152.11832,4971,4727.658191,ThII,0.39174999999977445,12068.050746656598,4726.336715151674
4729.456431,0.000146,21144.07891,32724,4729.455674,ThI,0.2847859999992579,16607.053826425188,4728.133790149654
4729.916327,0.000117,21142.02305,4914,4729.916919,ThI,0.3928670000004786,12039.484932545207,4728.593564364589
4732.204539,0.000156,21131.80003,10988,4732.204926,ThII,0.31454499999927066,15044.602645125413,4730.881170411578
4732.519084,0.000159,21130.39551,4527,4732.518996,NoID,0.31454499999927066,15045.602645125413,4731.195632113818
4740.165986,0.000139,21096.30766,3462,4740.165955,ThI,0.27202200000010635,17425.671401571002,4738.84050895069
4740.438008,0.000135,21095.09708,8746,4740.437870,NoID,0.24245799999971496,19551.58422491967,4739.112458905947
4741.657445,0.000136,21089.67195,3264,4741.656511,NoID,0.23166200000014214,20467.99839851633,4740.331572936014
4743.892983,0.000132,21079.73353,21722,4743.893576,NoID,0.44913699999960954,10562.24043666882,4742.566518835934
4756.72401,0.000169,21022.872,3276,?,,0.44664600000032806,10649.874867336786,4755.394147084674
4760.522924,0.000157,21006.09567,3691,?,,0.3929980000002615,12113.351528498444,4759.19205469366
4763.192638,0.00015,20994.322,3902,4763.192956,ThII,0.3692089999995005,12901.07402042324,4761.861061414079
4767.637113,0.000156,20974.75073,4500,4767.637415,NoID,0.29678899999998976,16064.062728066621,4766.304358895433
4774.130713,0.000141,20946.22163,3855,?,,0.3088610000004337,15457.214452434253,4772.796238354737
4777.656547,0.000137,20930.76365,6678,4777.656810,ThI,0.45829200000025594,10424.918058786388,4776.321138088686
4778.114839,0.000136,20928.75608,9107,4778.114767,NoID,0.4125340000000506,11582.35403384791,4776.779308648451
4779.974108,0.000136,20920.61541,4270,4779.974271,ThI,0.9517989999994825,5022.041531880785,4778.638084963496
4784.09831,0.000131,20902.58049,34832,4784.098354,ThII,0.3909400000002279,12237.423415350722,4782.761194053511
4786.609736,0.00013,20891.61338,4622,4786.614955,NoID,0.34104200000001583,14035.250016126396,4785.271954498281
4791.77673,0.000125,20869.08586,9202,4791.776514,ThII,0.3618319999995947,13243.09826108627,4790.437579118595
4793.934612,0.000169,20859.69211,10074,?,,0.3103849999997692,15445.123353266314,4792.594889199297
4794.584775,0.000163,20856.86346,65228,4794.584536,ThI,0.33977800000047864,14110.933535994815,4793.244879878618
4802.393556,0.000163,20822.94981,6255,4802.393674,ThI,0.2967099999996208,16185.479276081487,4801.051591105775
4804.013602,0.000164,20815.92774,9633,4804.013773,ThI,0.6069649999999456,7914.811565741733,4802.671207674369
4805.298398,0.000168,20810.36217,8494,4805.298691,ThII,1.2847959999999148,3740.125590366345,4803.955663102374
4807.805742,0.000182,20799.50925,4964,4807.806817,ThI,0.6199730000007548,7754.863102093391,4806.46234244244
4813.721079,0.000138,20773.94979,62227,4813.720521,ThI,0.2598939999998038,18521.863063416757,4812.376111287215
4818.366917,0.000134,20753.91968,33520,4818.366774,ThI,0.42321499999980006,11385.151558905702,4817.0207175910455
4819.178833,0.000137,20750.42315,3398,4819.179169,ThII,0.2372219999997469,20315.05860757072,4817.832418329689
4819.994502,0.000133,20746.91163,20211,4819.994393,ThII,0.23343600000043807,20648.03415921689,4818.647871071017
4821.270046,0.000134,20741.42271,4131,4821.269187,NoID,0.348400999999285,13838.278437805558,4819.923076880893
4825.997433,0.000129,20721.1051,6061,4825.996617,ThII,0.2312099999999191,20872.78851693996,4824.6492104408735
4827.715278,0.000128,20713.73191,6316,4827.716748,NoID,0.26424600000063947,18269.77618578263,4826.366599944935
4833.774555,0.000139,20687.76664,8928,4833.773584,ThI,0.2624230000001262,18419.782393302703,4832.424270213999
4838.047383,0.000133,20669.49579,25193,?,,0.41044500000043627,11787.322011462822,4836.69596511813
4841.827662,0.00013,20653.35798,55281,4841.826861,NoID,0.36759600000004866,13171.600512517434,4840.475241587742
4854.963914,0.000138,20597.47544,4381,4854.964631,NoID,0.4757129999998142,10205.65743211116,4853.60800947604
4858.895683,0.000134,20580.80818,20845,4858.895465,NoID,0.4091290000005756,11876.194752738535,4857.538735544789
4863.791189,0.000132,20560.09317,3838,4863.788177,ThI,0.5051949999997305,9627.552111566018,4862.4329429026275
4869.633512,0.000169,20535.42628,4962,4869.634005,ThII,0.25338599999940925,19218.242176013486,4868.273715991354
4873.040594,0.000157,20521.06853,3826,4873.040483,NoID,0.3513649999995323,13868.884476275345,4871.679894073288
4877.857315,0.000142,20500.80467,53292,4877.856902,ThI,0.35974699999951554,13559.132709950518,4876.495337104325
4879.769962,0.000152,20492.76929,10138,?,,0.28603300000031595,17060.16425375607,4878.40747662089
4882.960827,0.000154,20479.37789,9410,4882.959418,ThI,0.25654300000041985,19033.69348215312,4881.597494960442
4889.627088,0.000148,20451.45738,13441,4889.625529,ArII,0.31387400000039634,15578.311959556466,4888.261987034211
4890.855741,0.00014,20446.31968,60383,4890.855761,ThI,0.3674769999997807,13309.283957915513,4889.490313988964
4891.223218,0.000141,20444.78355,6381,4891.220838,ThII,0.3674769999997807,13310.283957915513,4889.857693471347
4892.403554,0.00014,20439.85107,10729,4892.403761,NoID,0.2828350000008868,17297.730316207897,4891.037716241806
4893.026232,0.000139,20437.24993,12953,4893.026597,ThI,0.29310199999963515,16693.936691002076,4891.6602289979155
4893.648166,0.00014,20434.65256,3444,4893.645545,ThI,0.24054100000012113,20344.341155967322,4892.2819979501965
4894.811705,0.000137,20429.79506,52781,4894.811792,ThI,0.2603209999997489,18802.984411571568,4893.445228168926
4898.955905,0.000136,20412.51278,3586,4898.955347,NoID,0.33833899999990535,14479.430112997232,4897.58832834061
4908.578829,0.000176,20372.49548,27351,4908.579498,NoID,0.8041569999995772,6104.005597168936,4907.208698299348
4909.382986,0.000176,20369.15846,3598,4909.383604,ThI,0.8041569999995772,6105.005597168936,4908.012641852683
4912.511588,0.000164,20356.18608,6328,4912.506998,ThII,0.23815599999943515,20627.28458662243,4911.140413410797
4914.851154,0.000124,20346.49613,4419,4914.850751,NoID,0.6416829999998299,7659.313327610834,4913.479358386385
4916.788873,0.000153,20338.47753,11693,4916.787840,ThI,0.40470299999924464,12149.128800649309,4915.416563016604
4917.193576,0.000154,20336.8036,4566,4917.190214,ThI,0.3035470000004352,16199.117685211679,4915.821158586192
4927.62975,0.000145,20293.7325,6029,4927.628147,ThI,0.23713899999984278,20779.499576211703,4926.2545620706305
4928.675162,0.000143,20289.42803,34934,4928.674247,ThI,0.2850300000000061,17291.776872609527,4927.299696523446
4942.287333,0.000133,20233.54638,7129,4942.285839,ThI,0.5075710000000981,9737.13496830797,4940.908253300908
4942.794904,0.000132,20231.46862,19035,4942.795251,ThI,0.5075710000000981,9738.13496830797,4941.415689522317
4950.346095,0.000128,20200.60781,4140,4950.346760,ThI,0.26921300000049087,18388.213403479676,4948.964875310023
4951.632889,0.000124,20195.35823,35926,4951.632871,ThI,0.2934910000003583,16871.498236722608,4950.251327585078
4952.008015,0.000167,20193.82838,58166,4952.008035,ThII,0.37512599999990925,13200.919197819394,4950.626353964492
4954.072472,0.000167,20185.41323,24887,4954.073067,ThI,0.8420510000005379,5883.340168228332,4952.6902627076915
4955.313376,0.000169,20180.35842,5342,4955.313184,ThI,0.27931400000034046,17741.013253879002,4953.930837155013
4958.023823,0.000121,20169.32624,7376,4958.022702,ThI,0.34813299999950686,14241.751925290115,4956.640564312157
4959.480998,0.000171,20163.40017,23612,4959.482417,ThI,0.5011569999996937,9896.062507364022,4958.097352304862
4960.73342,0.000178,20158.30958,4348,4960.731174,ThI,0.5335769999992408,9297.127537369597,4959.349441672081
4962.767315,0.000188,20150.04808,7386,4962.765906,ThI,0.3438800000003539,14431.68347968737,4961.382796476197
4963.111195,0.000187,20148.65194,56709,4963.110638,ThI,0.335983999999371,14771.86769313209,4961.726585141515
4963.447179,0.000241,20147.28804,8894,4963.446771,ThI,0.335983999999371,14772.86769313209,4962.062479903657
4964.573469,0.000147,20142.71732,18591,4964.573104,ThII,0.48420900000019174,10252.955787682662,4963.188470756771
4969.040795,0.000145,20124.60838,5882,4969.039085,ThI,0.3214029999999184,15460.467995013307,4967.654610179215
4976.480167,0.000139,20094.52397,6820,4976.479838,ThI,0.43197200000031444,11520.376707278198,4975.092006051799
4987.33883,0.000129,20050.77325,20889,4987.339713,ThI,0.3878020000001925,12860.528903918814,4985.947784348427
4988.949934,0.000187,20044.29816,23656,4988.949726,NoID,0.41185500000028696,12113.364980385146,4987.558460313036
4992.599066,0.000298,20029.64762,5078,4992.596279,ThI,0.46859799999947427,10654.332852478246,4991.2066227884425
4993.518178,0.00017,20025.96094,17476,4993.518438,ThI,0.24983999999949447,19986.864305195744,4992.12549058651
4994.026301,0.000159,20023.92338,11914,4994.030012,ThI,0.2582830000001195,19335.48201390602,4992.6334785805075
4995.499146,0.000164,20018.01964,29592,4995.499055,ThI,0.3568809999997029,13997.660693632215,4994.105932247751
4996.693353,0.000164,20013.23534,5779,4996.691665,NoID,0.29125999999996566,17155.43965185947,4995.299821943849
4997.927483,0.000162,20008.29351,6166,4997.927135,NoID,0.3370179999992615,14829.853251194156,4996.533624027742
5001.335057,0.000162,19994.6612,12248,5001.334631,ThII,0.30641299999933835,16322.202573033128,4999.94029258984
5001.64147,0.000162,19993.43627,19836,5001.641138,ThI,0.30641299999933835,16323.202573033128,5000.246624170087
5002.127796,0.000166,19991.49244,5368,5002.125828,NoID,0.33795499999996537,14801.165232059038,5000.732820943449
5004.290464,0.00015,19982.85286,6447,5004.288876,ThI,0.3622430000004897,13814.733380612557,5002.8949142702095
5007.372982,0.000148,19970.5515,6719,5007.371577,ThI,0.4319000000004962,11593.824917791726,5005.976613146079
5009.586665,0.000146,19961.72672,5491,5009.586696,ThII,0.6192120000005161,8090.260952623374,5008.189707881622
5011.814839,0.000143,19952.85205,12192,5011.815003,ThI,0.451799999999821,11092.994331567032,5010.417289751391
5012.875767,0.000142,19948.62922,17747,5012.875244,ThI,0.587680999999975,8529.926553691907,5011.477935807854
5014.563887,0.000142,19941.91364,5077,5014.562993,NoID,0.38624200000049314,12982.958577766265,5013.165607179924
5015.582587,0.000142,19937.8633,4222,5015.580147,ThI,0.26478599999973085,18942.023320738626,5014.184036450191
5015.847373,0.000142,19936.81078,5053,5015.846640,ThI,0.26478599999973085,18943.023320738626,5014.448752080149
5016.679105,0.000142,19933.50539,3494,5016.677568,NoID,0.34868900000037684,14387.259434609576,5015.280263036063
5017.934587,0.000138,19928.51805,32335,5017.934776,ThI,0.5495879999998579,9130.356898260692,5016.53541137072
5022.653267,0.000135,19909.79562,15133,5022.653524,ThI,0.5039430000006178,9966.709066290916,5021.25283726032
5031.032606,0.000179,19876.63524,13890,5031.032161,ThII,0.26171100000010483,19223.619205910276,5029.629949071797
5032.548238,0.000327,19870.64908,3999,5032.549498,ThI,0.4531880000004094,11104.769406946905,5031.145178201675
5038.133637,0.000153,19848.61999,16627,5038.132948,ThI,0.5118389999997817,9843.199984765031,5036.729092487986
5040.931889,0.00015,19837.6019,46288,5040.931761,ThI,0.2961570000006759,17021.147192159886,5039.526600620443
5044.921892,0.000151,19821.91244,19476,5044.920884,ThI,0.8277559999996811,6094.696857530413,5043.515542906242
5045.749648,0.000154,19818.66065,3376,5045.748566,ThI,0.8277559999996811,6095.696857530413,5044.343078847261
5048.833547,0.000148,19806.55513,11790,5048.835671,ThII,0.30359599999974307,16630.10562393534,5047.426157974785
5052.492331,0.000146,19792.21213,6916,5052.491215,ThI,0.2579489999998259,19587.175492067854,5051.083969229558
5052.75028,0.000148,19791.20171,3173,5052.751177,ThII,0.2579489999998259,19588.175492067854,5051.341849648281
5057.60913,0.000143,19772.18829,3776,5057.609331,ThI,0.2477580000004309,20413.50483129184,5056.199407782358
5066.90032,0.000139,19735.93197,3075,?,,0.29615000000012515,17109.236265398813,5065.488127258771
5069.798232,0.000334,19724.65085,4875,?,,0.4432889999998224,11436.778787657784,5068.38526865384
5070.748062,0.00013,19720.95611,27480,5070.751640,ThI,0.24421499999971275,20763.458681923566,5069.334846072317
5071.865397,0.000131,19716.61158,4488,5071.866111,ThI,0.326720000000023,15523.584099533677,5070.451883944041
5074.045423,0.000174,19708.14048,3172,5074.042895,ThII,0.25107700000080513,20209.120799530538,5072.631330208349
5074.2965,0.000181,19707.16532,4468,5074.295604,ThI,0.25107700000080513,20210.120799530538,5072.882340438403
5076.061413,0.000178,19700.31327,19357,5076.061147,ThI,0.8198379999994359,6191.542003424449,5074.646784082641
5076.881251,0.000179,19697.13197,9772,5076.880728,ThII,0.8198379999994359,6192.542003424449,5075.466404054281
5079.448566,0.000183,19687.17641,13007,?,,1.1068480000003547,4589.111211294028,5078.033036287997
5084.04002,0.000195,19669.3967,14230,5084.039142,ThI,0.535439000000224,9495.087246162258,5082.623269163459
5088.253343,0.000153,19653.10948,5052,5088.252975,NoID,0.6550199999992401,7768.088520970205,5086.8354715519
5091.47065,0.000148,19640.69065,31120,5091.470041,ThI,0.7061750000002576,7209.927638330645,5090.051922815109
5099.464196,0.000142,19609.90335,67001,5099.464026,ThII,0.398218999999699,12805.677770281816,5098.043342570264
5103.823604,0.000141,19593.15364,3160,5103.823431,NoID,0.3322630000002391,15360.794322558717,5102.401590912169
5104.155867,0.00014,19591.87819,5433,5104.157844,NoID,0.3322630000002391,15361.794322558717,5102.733765523768
5108.090461,0.000136,19576.78721,7537,5108.092081,ThI,0.9712970000000496,5259.040706395406,5106.667312821725
5111.15646,0.000133,19565.0438,21812,5111.157113,ThI,0.3137239999996382,16291.888602739653,5109.73249615774
5116.948965,0.000182,19542.89571,3203,5116.951666,ThI,0.474025000000438,10794.681641253672,5115.523460074668
5128.084431,0.000189,19500.45896,3977,5128.081108,NoID,0.7058740000002217,7264.872244902616,5126.655963244563
5129.226317,0.000154,19496.1177,10168,?,,0.6930420000007871,7401.032429483602,5127.79754540168
5131.663902,0.000152,19486.85688,14439,5131.663238,ThI,0.252517999999327,20321.972699030077,5130.234481775885
5135.180959,0.000312,19473.51044,4123,5135.180916,ThI,0.5730020000000877,8961.89011382022,5133.750602880399
5141.26756,0.000305,19450.4563,3672,?,,0.2951789999997345,17417.457068438554,5139.8355841434495
5142.697138,0.000237,19445.04942,7292,5142.697381,ThI,0.49131000000033964,10467.316232106909,5141.264781696189
5147.489213,0.000139,19426.94698,25535,5147.489366,ThI,0.4289230000003954,12000.963373368308,5146.055581361406
5177.35339,0.000151,19314.88783,41096,5177.353077,ThI,0.3182600000000093,16267.684880286082,5175.91180906924
5179.923219,0.000149,19305.30546,25802,5179.922323,ThI,0.6637409999993906,7804.133267350903,5178.480953915218
5180.58696,0.00015,19302.83205,6086,5180.586436,ThI,0.6637409999993906,7805.133267350903,5179.144518207545
5182.164343,0.000148,19296.95652,15338,5182.163757,ThI,0.727629999999408,7121.977300282034,5180.721481256342
5185.050301,0.000147,19286.21599,4506,5185.048066,Contam,0.264936000000489,19570.954120959137,5183.606670902156
5185.433984,0.000145,19284.78895,24374,5185.433379,ThII,0.3836830000000191,13514.891157543447,5183.990251749146
5189.810904,0.000142,19268.52478,8269,5189.810494,ThII,0.47642700000051263,10893.192249797798,5188.366006395814
5192.316741,0.00014,19259.2257,39991,5192.317576,ThII,0.49252100000012433,10542.325588144848,5190.871176194573
5198.682989,0.000134,19235.64107,25511,5198.683277,ThI,0.34288399999968533,15161.637722975614,5197.235729049478
5205.295895,0.00018,19211.20375,29189,5205.296964,NoID,0.612474999999904,8498.789166906105,5203.846874112522
5207.015072,0.000133,19204.86087,3618,5207.013247,NoID,0.4127989999997226,12613.923657769275,5205.565593297484
5209.510227,0.000493,19195.66248,5327,?,,0.2584259999994174,20158.614949779603,5208.060083826421
5213.798834,0.000167,19179.8731,4183,5213.798372,ThI,0.33495200000015757,15565.808933810062,5212.347548712597
5214.133786,0.000186,19178.641,3778,5214.133677,ThI,0.33495200000015757,15566.808933810062,5212.6824115083255
5217.217591,0.000159,19167.30484,3512,?,,0.5181060000004436,10069.788018273352,5215.765395216863
5219.980776,0.000154,19157.15867,29049,5219.980006,ThII,0.5825709999999162,8960.248237555166,5218.527844293004
5221.761157,0.000154,19150.62696,6787,5221.761883,NoID,0.34267499999987194,15238.232018682284,5220.307751110436
5223.316301,0.000152,19144.92522,17322,5223.315762,ArII,0.40058200000021316,13039.318544011514,5221.862480910179
5223.716883,0.000152,19143.45709,6552,5223.716798,ThI,0.40058200000021316,13040.318544011514,5222.262956217319
5225.576345,0.00028,19136.64511,3972,5225.577085,ThII,0.5747679999994944,9091.627134782377,5224.121922954128
5230.450717,0.000146,19118.81125,22582,5230.450840,ThI,0.6532379999998739,8006.9602763479925,5228.994996634139
5231.956552,0.000145,19113.30857,8332,5231.958679,ArII,0.6389259999996284,8188.673730608932,5230.500430532891
5238.690583,0.000143,19088.73953,3146,5238.691112,ThI,0.39507100000082573,13260.124339647937,5237.232667752842
5239.085654,0.000143,19087.30008,3277,5239.086059,ThII,0.2781639999993786,18834.52083667083,5237.627633512004
5246.836838,0.000133,19059.10229,22423,5246.837854,ArII,0.3200440000000526,16394.110928494636,5245.376752634177
5249.444746,0.000171,19049.63379,7764,?,,0.32919500000025437,15946.307647430684,5247.983965865298
5250.615195,0.000332,19045.38731,5603,?,,0.39157499999964784,13408.964298039258,5249.154103042038
5251.00677,0.000186,19043.96707,13061,5251.006927,ArII,0.39157499999964784,13409.964298039258,5249.5455737204375
5254.029695,0.000176,19033.01005,6983,5254.030068,ThI,0.786830000000009,6677.464884409516,5252.567693353487
5255.572128,0.000172,19027.42414,13216,5255.571229,ThI,0.35633400000006077,14749.005506067631,5254.109715409826
5258.025955,0.000179,19018.54438,10412,5258.026559,ArII,0.4831189999995331,10883.500659268382,5256.562888634904
5263.701048,0.000158,18998.03942,4835,5263.701469,NoID,0.31042900000011286,16956.215585522248,5262.236469556772
5264.943051,0.000158,18993.55777,4263,5264.943043,NoID,0.4467530000001716,11784.908105816812,5263.478141625147
5268.629837,0.000153,18980.2668,21861,5268.631171,ArII,0.4537740000005215,11610.691306672365,5267.163945258114
5269.431282,0.000153,18977.38003,10608,?,,0.2902850000000399,18152.613059576885,5267.965176703543
5269.721567,0.000152,18976.33466,9112,?,,0.2902850000000399,18153.613059576885,5268.255384353244
5274.111475,0.000149,18960.5397,5794,5274.111224,ThII,0.28299300000071526,18636.897290698602,5272.64412257781
5277.876782,0.000146,18947.013,10826,5277.877311,ThII,0.6232669999999416,8468.083152165114,5276.408426200462
5281.559189,0.000143,18933.80277,7636,5281.554857,ThII,0.25472000000081607,20734.764403985075,5280.089851879642
5283.098421,0.000141,18928.2864,34143,5283.100319,ArII,0.31944800000019313,16538.21097955475,5281.628673681176
5286.012583,0.000141,18917.8513,3466,5286.012638,ThII,0.8472160000001168,6239.2737896820545,5284.542059053671
5287.540452,0.000137,18912.38486,23453,?,,0.4297369999994771,12304.131252385607,5286.069520866308
5288.358099,0.000136,18909.46077,47970,5288.357782,ArII,0.2801760000002105,18875.128843998154,5286.886949955479
5293.54936,0.000134,18890.9167,6087,5293.549920,ThI,0.26027700000031473,20338.137292167954,5292.0768273951535
5293.817737,0.000135,18889.959,4158,5293.817064,NoID,0.2683770000003278,19725.30334936874,5292.345132866235
5295.284847,0.000131,18884.72535,17676,5295.288675,ArII,0.254584999999679,20799.67337826925,5293.811851842988
5295.539432,0.000133,18883.81746,4446,5295.540179,ThI,0.254584999999679,20800.67337826925,5294.066368988869
5296.561876,0.00013,18880.17215,19583,5296.561917,ThI,0.3358140000000276,15772.308111036362,5295.088540476932
5297.360605,0.000132,18877.32542,8110,?,,0.3921280000004117,13509.263824553303,5295.887056589925
5298.881533,0.000128,18871.9071,11197,5298.881504,ThI,0.3355280000005223,15792.665688084902,5297.407579209224
5300.555321,0.000129,18865.9478,6937,5300.555377,ArII,0.36023300000033487,14714.241396526893,5299.080921079308
5302.879512,0.000125,18857.67907,13513,5302.879336,ThII,0.6325350000006438,8383.535317404734,5301.404492580013
5340.124257,0.000175,18726.15602,5940,5340.125432,ThI,0.2744830000001457,19455.209455584376,5338.639308397107
5341.983509,0.00017,18719.63847,27421,5341.983700,ThI,0.5248289999999542,10178.521973824742,5340.4980646449285
5342.508338,0.000175,18717.79952,4582,?,,0.5248289999999542,10179.521973824742,5341.022753702661
5346.010839,0.000169,18705.53634,10348,5346.009935,ArII,0.7873590000008335,6789.8008900569375,5344.524320766287
5346.798198,0.000166,18702.7818,14534,5346.798454,NoID,0.5177249999997002,10327.48698247737,5345.311469814165
5347.315923,0.000167,18700.971,12798,?,,0.5177249999997002,10328.48698247737,5345.829056760106
5347.86494,0.000166,18699.05114,15683,5347.864780,ThII,0.39060499999959575,13691.235237658339,5346.377927361166
5350.089083,0.0005,18691.27756,3622,?,,0.36224200000015117,14769.378158793754,5348.601477271581
5351.693331,0.000168,18685.67457,3049,5351.692922,ThI,0.4988760000005641,10727.502086678753,5350.205297475683
5357.125597,0.000158,18666.72681,41962,5357.126001,ThI,0.49997199999961595,10714.851225676868,5355.636114837496
5360.197709,0.000156,18656.02827,25885,5360.196207,ThI,0.32749799999965035,16367.115857213548,5358.70740755707
5361.317037,0.000155,18652.13329,35977,5361.317524,ThI,0.3231599999999162,16590.286659863195,5359.826437045557
5363.745222,0.000154,18643.68941,10793,5363.741830,ThII,0.32134600000063074,16691.495216960757,5362.253974467088
5368.200632,0.000152,18628.21583,4158,5368.199056,ThI,1.0509240000001228,5108.0769227835435,5366.708196206487
5372.982709,0.000146,18611.6363,11597,?,,0.2562399999997069,20968.555686099535,5371.488997770939
5373.488694,0.000148,18609.88376,5421,?,,0.4620340000001306,11630.072016341828,5371.994847815674
5377.263475,0.000142,18596.81983,21724,5377.263685,ThII,0.2735020000000077,19660.783010726973,5375.768621994756
5377.624999,0.000142,18595.56961,10273,5377.625378,ThIII,0.3615239999999176,14874.876907207337,5376.130049566216
5385.53247,0.000135,18568.2661,52844,5385.532673,ThII,0.26639999999952124,20215.962725261557,5384.035411345667
5392.25718,0.000173,18545.10953,7189,?,,0.3180449999999837,16954.384379569798,5390.758327496006
5392.575225,0.000171,18544.01577,10738,5392.574983,ThII,0.3180449999999837,16955.384379569798,5391.076287653296
5395.099808,0.000169,18535.33828,21146,5395.100035,ArII,0.2726670000001832,19786.40542491895,5393.600197178966
5397.610806,0.000181,18526.71554,9556,5397.612945,ThI,0.3112460000002102,17341.94433340944,5396.110525313841
5398.631223,0.000193,18523.21373,7314,?,,0.38604899999972986,13984.316040201576,5397.130670090465
5399.017272,0.000164,18521.88926,51441,5399.018425,ArII,0.38604899999972986,13985.316040201576,5397.516616100991
5399.706572,0.000163,18519.52484,22895,5399.705505,ThI,0.30524100000002363,17689.977991159714,5398.205732209882
5401.12338,0.000162,18514.66685,27241,5401.122986,ThI,0.447081999999682,12080.83389625134,5399.622162231063
5401.647522,0.000162,18512.8703,26810,5401.646910,ThI,0.499337999999625,10817.617569670356,5400.146164398244
5404.107054,0.00016,18504.44468,58714,5404.108040,ArII,0.5943900000002031,9091.85392418808,5402.605040225335
5404.701444,0.000159,18502.40962,38413,5404.701480,ThI,0.5943900000002031,9092.85392418808,5403.199271647272
5406.710966,0.000161,18495.5328,3097,5406.712398,ThII,0.45157300000028044,11973.060758718173,5405.208257518249
5408.257746,0.000157,18490.24301,13546,5408.258393,ThI,0.41876200000024255,12914.872280667461,5406.754624839756
5411.977985,0.000154,18477.53266,58101,5411.976657,ArI,0.2946249999995416,18369.038557516913,5410.4738712630215
5416.029302,0.000153,18463.71104,5050,5416.029812,NoID,0.4591970000001311,11794.565953171414,5414.524107316653
5419.313505,0.000149,18452.52169,7074,5419.313972,ThI,1.081836000000294,5009.366951181628,5417.807434018839
5426.237324,0.000145,18428.97648,5884,5426.237523,NoID,0.3607050000000527,15043.421421935396,5424.729405509645
5430.614023,0.000139,18414.124,12784,5430.613875,ThI,0.5930129999997007,9157.664373298294,5429.104936601373
5436.634382,0.000193,18393.73277,13151,5436.633605,ThII,0.6013440000006085,9040.805898112392,5435.123689015901
5447.83582,0.00017,18355.91294,3883,5447.835682,ThI,0.2994570000000749,18192.380942835323,5446.322137594075
5449.786604,0.000164,18349.34233,8140,5449.786077,ThI,0.6994830000003276,7791.163765234391,5448.27240094281
5455.821637,0.000159,18329.04495,50356,5455.824210,ArII,0.4787900000001173,11395.02002338951,5454.3058231781215
5457.12523,0.000161,18324.66652,3864,?,,0.38895600000068953,14030.186524929106,5455.609068235235
5459.31464,0.000156,18317.31757,33417,?,,0.296835000000101,18391.748412411416,5457.797893849714
5460.486254,0.000157,18313.38737,3861,5460.484695,ThIII,0.34857300000021496,15665.258795135116,5458.969195124382
5461.169536,0.000155,18311.09606,12345,?,,0.6832819999999629,7992.555834926571,5459.652294742418
5463.855494,0.000153,18302.09458,13256,5463.855158,ThI,0.27532199999950535,19845.328357377242,5462.337535795028
5464.130816,0.000152,18301.17239,15548,5464.130961,ThII,0.27532199999950535,19846.328357377242,5462.612784303986
5464.836557,0.000152,18298.80893,8891,5464.839613,ThI,0.4493720000000394,12161.052662381102,5463.318336921456
5465.285929,0.000152,18297.30435,7224,5465.288065,ThI,0.43759700000009616,12489.313064300712,5463.767588970588
5468.324991,0.000152,18287.13549,3048,5468.325017,NoID,1.4676900000004025,3725.803808023834,5466.80583974188
5471.192199,0.00015,18277.55201,3977,?,,0.47406799999953364,11540.943913120866,5469.672282367865
5478.0071,0.000143,18254.81387,4424,5478.007392,NoID,0.46824800000013056,11698.943935688934,5476.485364120888
5479.075612,0.000141,18251.25388,8334,5479.074224,ThI,0.49951899999996385,10968.703116398769,5477.553590870784
5486.510999,0.00018,18226.51955,5279,5486.516764,ThI,0.42629200000010314,12870.311896537285,5484.986992848643
5488.027127,0.000211,18221.48428,15435,?,,0.40004899999985355,13718.387315058928,5486.502716073541
5489.033611,0.000206,18218.14314,3469,5489.033381,ThI,0.3327260000005481,16497.158656044187,5487.508931360129
5491.644353,0.00019,18209.48218,30954,5491.644348,ArI,0.5634380000001329,9746.670180212737,5490.118976327792
5492.207791,0.000191,18207.6141,3377,?,,0.5634380000001329,9747.670180212737,5490.682263895593
5498.654909,0.000167,18186.26585,6964,?,,0.9903229999999894,5552.385341954149,5497.12766053101
5502.809313,0.000162,18172.53594,56212,5502.809779,ThI,0.42096399999991263,13071.92375832884,5501.280955266961
5514.232755,0.000155,18134.88919,4128,5514.231628,ThI,0.27803299999959563,19833.015343531235,5512.701346908118
5515.907801,0.000152,18129.38207,16700,5515.907458,ArII,0.26929199999995035,20482.9991273451,5514.375945602932
5523.286906,0.000145,18105.16124,28853,5523.287009,ThI,0.30111200000010285,18342.965096037733,5521.753080010162
5525.753704,0.000144,18097.07876,7757,5525.753265,ThII,0.36339700000007724,15205.83192486131,5524.219219224499
5530.633208,0.00014,18081.11228,13947,5530.633018,ThI,0.3693410000005315,14974.327810863244,5529.097420060295
5531.611573,0.000139,18077.91431,12414,5531.612402,ThI,0.6041359999999258,9156.23563734106,5530.075523763159
5532.233055,0.000138,18075.88346,12659,5532.233901,ThII,0.6214819999995598,8901.678656829834,5530.69683977959
5534.319758,0.000218,18069.06799,7898,?,,0.4495759999999791,12310.08718881848,5532.782985463055
5536.027653,0.000203,18063.49359,42573,?,,0.5083020000001852,10891.217530125758,5534.490424311573
5537.508532,0.000189,18058.66292,33242,5537.508661,ThI,0.36233200000060606,15282.968470879574,5535.970907787362
5543.121792,0.000174,18040.37576,56615,5543.120673,ThI,0.28906199999983073,19176.23828799097,5541.582668513293
5543.475048,0.000178,18039.22614,17152,5543.474907,ThI,0.35325600000032864,15692.514912683275,5541.9358301581
5545.013746,0.000175,18034.2204,3194,5545.011962,ThI,0.4304680000004737,12881.361090705692,5543.474117166502
5546.590499,0.000168,18029.09373,24496,5546.590909,ArII,0.7562490000000253,7334.344242438423,5545.050449005033
5547.346748,0.000168,18026.63589,16430,5547.346038,ThI,0.3143179999997301,17648.835726890484,5545.806496003888
5547.661066,0.000167,18025.61454,19034,5547.660710,ThII,0.3143179999997301,17649.835726890484,5546.120730046266
5548.675314,0.000167,18022.31962,14706,5548.674552,ThI,0.5084649999998874,10912.600304841491,5547.134707128591
5557.074041,0.00016,17995.08145,32873,5557.074088,ThI,0.3030669999998281,18336.1238307145,5555.531190644774
5557.691482,0.00016,17993.08226,17112,5557.691716,ThII,0.3143740000004982,17678.597727519427,5556.1484667068535
5559.464933,0.000158,17987.34252,13918,5559.464910,ThI,0.6129790000004505,9069.584656237676,5557.9214439577845
5560.686577,0.000173,17983.39083,3994,?,,0.5271450000000186,10548.685043014359,5559.142761611253
5562.165727,0.000363,17978.6085,3413,5562.165912,ThI,0.5814410000002681,9566.173914459825,5560.621516471066
5573.640998,0.000147,17941.5933,10967,5573.642428,ThI,0.473931999999877,11760.423432056596,5572.0937218098115
5574.632104,0.000147,17938.40349,6731,5574.631387,NoID,0.7874959999999191,7078.933866331477,5573.084563019159
5575.4196,0.000148,17935.8698,3895,5575.418604,ThII,0.7874959999999191,7079.933866331477,5573.871848624872
5582.30465,0.000139,17913.74822,35707,5582.304283,ThI,0.36259100000006583,15395.596277897097,5580.755059099625
5585.312875,0.000216,17904.09996,40841,5585.312487,ThII,0.4043740000006437,13812.2452852832,5583.762480340736
5585.717249,0.000218,17902.8038,5316,?,,0.269441999999799,20730.685078807932,5584.166746295783
5594.821853,0.000469,17873.67009,6628,5594.821223,ThII,0.34364000000005035,16281.05532824811,5593.268917540562
5596.014592,0.000171,17869.86048,27531,5596.013615,NoID,0.2975880000003599,18804.570721914974,5594.4613378272825
5598.391195,0.000172,17862.27445,4402,?,,0.6396109999996042,8752.806307276554,5596.837305763433
5604.182942,0.000165,17843.81435,15341,5604.181544,ThI,1.0247120000003633,5469.032217830974,5602.627505073123
5612.944131,0.000158,17815.96212,12675,?,,0.6814749999994092,8236.46374555907,5611.386352747003
5619.573886,0.000152,17794.94354,58878,?,,0.372349000000213,15092.222312928961,5618.014335917152
5623.644297,0.000152,17782.0635,4880,?,,0.5665799999997034,9925.596203542207,5622.083659038191
5627.24003,0.000148,17770.70099,23126,5627.239458,ArII,0.3800200000005134,14807.747039609489,5625.678430996008
5627.62005,0.000157,17769.50098,5542,5627.621564,ThII,0.3800200000005134,14808.747039609489,5626.058349425402
5630.873985,0.000144,17759.23245,10267,5630.872384,ThI,0.9083929999997054,6198.7201409542195,5629.311414711389
5632.718731,0.000146,17753.41621,8921,5632.719907,ArII,0.7239689999996699,7780.331382977128,5631.155667636843
5634.056055,0.000143,17749.20218,4826,?,,0.30738600000040606,18328.928627174162,5632.492634184712
5637.139431,0.000277,17739.4938,45688,?,,1.2692409999999654,4441.346782053332,5635.575186018108
5638.89855,0.000179,17733.95976,34367,?,,1.508722999999918,3737.530713060188,5637.333834808277
5641.927554,0.00034,17724.43886,7719,5641.927829,NoID,0.28882700000031036,19533.933995069496,5640.362029145471
5648.020349,0.000172,17705.31865,38399,5648.018577,ThI,0.7847420000007332,7197.295861563065,5646.453195465159
5649.273829,0.000171,17701.39013,20138,5649.274381,ThI,0.9808730000004289,5759.43453331627,5647.706340385015
5658.298839,0.000167,17673.15634,7556,5658.297219,ThI,0.42908100000022387,13187.01792667829,5656.728937727265
5658.751937,0.000167,17671.74124,5630,5658.750382,ThII,0.4525709999998071,12503.567256855637,5657.181914596188
5659.204508,0.000165,17670.32802,7061,5659.206501,ThI,0.2909190000000308,19452.852883446598,5657.63436460559
5660.268142,0.000165,17667.00755,4537,?,,0.4296990000002552,13172.635128302925,5658.697714251441
5665.551028,0.000164,17650.53381,3099,?,,0.6418389999998908,8827.059477534029,5663.979187880166
5667.991702,0.000157,17642.93338,11657,5667.991021,ThI,0.7089639999994688,7994.752486733102,5666.419209351048
5681.786587,0.000146,17600.09787,9645,?,,1.2061379999995552,4710.726788312859,5680.21040598226
5688.453959,0.000298,17579.46899,13006,5688.454184,ThI,0.4725799999996525,12037.017984265485,5686.875995177741
5688.926539,0.000293,17578.00867,17198,5688.926981,ThI,0.4725799999996525,12038.017984265485,5687.348448810132
5693.73931,0.00026,17563.15043,4231,?,,1.4114520000002813,4033.958866471453,5692.159932853111
5695.150762,0.000255,17558.79768,3368,?,,0.49066899999979796,11606.909672309328,5693.57100741578
5695.641431,0.000254,17557.28502,3608,?,,0.3730990000003658,15265.764397638204,5694.061545204738
5696.01453,0.000253,17556.13499,4127,?,,0.3730990000003658,15266.764397638204,5694.434544433073
5696.713385,0.000254,17553.98126,3538,?,,0.6988549999996394,8151.495496208712,5695.133212549164
5697.970925,0.000257,17550.1071,22524,5697.970926,ThI,0.6967540000005101,8177.880464261171,5696.390416262425
5704.233648,0.000171,17530.8387,46417,5704.233323,ThI,0.6196140000001833,9206.10839651511,5702.651464462077
5704.853848,0.000173,17528.93285,4925,?,,0.6201999999993859,9198.409945188081,5703.271498601763
5712.670794,0.000168,17504.94709,4242,?,,0.3728209999999308,15322.824610204521,5711.086354049026
5718.756874,0.00016,17486.31778,63457,5718.757194,ThI,0.3531670000002123,16192.783793493056,5717.170806314705
5719.110041,0.000161,17485.23796,8199,5719.110781,ThI,0.3531670000002123,16193.783793493056,5717.523878857288
5723.011084,0.000157,17473.3193,18583,5723.011508,ThI,0.3722250000000713,15375.13891866184,5721.423878475273
5723.383309,0.000367,17472.1829,5953,?,,0.3722250000000713,15376.13891866184,5721.7960039175805
5725.120195,0.000158,17466.8822,3746,?,,0.5792410000003656,9883.831073760985,5723.532425355359
5726.600088,0.000154,17462.36833,15214,5726.599572,ThII,0.37628899999981513,15218.622091006682,5725.011922526085
5727.48321,0.000154,17459.6758,10279,5727.484326,NoID,0.31288600000061706,18305.335521527664,5725.894808314073
5728.601433,0.000153,17456.26767,9382,5728.601818,ThI,0.6974660000005315,8213.449018297142,5727.012732216551
5731.572279,0.00015,17447.21956,18243,5731.571807,ThI,0.8166289999999208,7018.575484094437,5729.98278357569
5733.192369,0.000149,17442.28932,8828,5733.192111,ThI,0.6122049999994488,9364.824477103522,5731.602440227458
5735.477111,0.000229,17435.34113,6698,5735.475609,ThI,0.27846799999952054,20596.539318736355,5733.88657108689
5735.755579,0.000148,17434.49466,6072,?,,0.27846799999952054,20597.539318736355,5734.164964599421
5739.48653,0.000145,17423.16137,7332,?,,0.4096110000000408,14012.041986175733,5737.894917592216
5740.556295,0.000142,17419.91453,12244,5740.558842,ThI,0.555939999999282,10325.855838772915,5738.964396431546
5742.763526,0.000224,17413.21918,33385,5742.762960,ThII,0.6584350000002814,8721.838185997927,5741.171036993399
5744.24881,0.000217,17408.71667,3978,?,,0.4061179999998785,14144.285183128348,5742.65592367212
5747.268587,0.000199,17399.56964,5892,5747.269161,ThII,0.796849000000293,7212.493944270353,5745.674892852979
5749.918669,0.000198,17391.55034,31537,?,,0.41706800000065414,13786.525624097225,5748.324265916527
5751.864739,0.000182,17385.66613,4244,?,,0.4832649999998466,11902.092514462718,5750.269815305316
5757.313495,0.000587,17369.21224,3147,?,,0.6539609999999811,8803.756638393064,5755.7171136200495
5763.369375,0.000174,17350.96148,4637,?,,0.31389500000022963,18360.819302619613,5761.771373447508
5765.820793,0.000169,17343.58448,4641,?,,0.6938650000001871,8309.71556858819,5764.222135582653
5770.23311,0.000165,17330.32238,5560,5770.231738,ThI,0.4523189999999886,12756.999175361074,5768.633272060498
5777.217929,0.00016,17309.36953,5109,?,,0.5408510000006572,10681.71812383259,5775.616222187055
5778.701397,0.00016,17304.92599,4379,?,,0.30101100000047154,19197.641936643337,5777.0992932553945
5781.011621,0.000156,17298.01055,6327,?,,0.34119400000054156,16943.47386235052,5779.4088991004
5792.007783,0.000146,17265.17017,13560,?,,0.5416000000004715,10694.253661364397,5790.402118681718
5794.602407,0.000145,17257.43942,5852,?,,0.5654770000001008,10247.282218373102,5792.996048364102
5800.372699,0.000191,17240.27148,3760,?,,0.2860979999995834,20274.076361975425,5798.764796197828
5801.349106,0.000145,17237.36982,4804,5801.348272,ArII,0.9764070000001084,5941.527565860707,5799.740941899137
5803.996012,0.000218,17229.50874,7396,?,,0.30562599999939266,18990.517861737986,5802.387139545269
5807.310414,0.000178,17219.67535,32840,5807.311477,ThI,0.49798400000054244,11661.6405627363,5805.700654540794
5808.197276,0.000185,17217.04606,3193,?,,0.30744899999990594,18891.579663624787,5806.587279194246
5810.267047,0.000176,17210.91289,21457,5810.267414,ThI,0.5810019999998985,10000.425208520823,5808.65649626593
5813.45566,0.000174,17201.4729,14797,5813.455897,ThI,0.7514540000001944,7736.276152630096,5811.844255889035
5818.929626,0.000174,17185.29118,4151,?,,0.3212359999997716,18114.189026149426,5817.316756833838
5820.062207,0.000169,17181.94694,27680,5820.062693,ThI,0.5960450000002311,9764.467795213019,5818.449034702437
5829.691407,0.000183,17153.56663,14752,5829.689277,ArII,0.32667099999980564,17845.757373637294,5828.075657386173
5830.018078,0.000176,17152.60547,3210,?,,0.32667099999980564,17846.757373637294,5828.402240947669
5846.411354,0.000148,17104.50975,10553,5846.411131,ThI,0.7969819999998435,7335.688075767266,5844.791128788776
5847.857723,0.000149,17100.27924,5760,?,,0.3176499999999578,18409.75200063207,5846.237110600947
5859.072325,0.000215,17067.54832,18823,5859.072674,NoID,0.9800190000005387,5978.529319326237,5857.448710365088
5867.717556,0.000366,17042.40176,6745,?,,0.7207570000000487,8141.048308930199,5866.091626816987
5868.438313,0.000176,17040.30862,47873,5868.438012,ThI,0.7207570000000487,8142.048308930199,5866.812190846033
5870.000919,0.000175,17035.77246,53204,5870.001043,ThI,0.5384290000001783,10902.089075807684,5868.374378480558
5874.230072,0.000172,17023.50755,19962,5874.230435,ThII,0.478900999999496,12266.063491214642,5872.6023991635075
5875.978766,0.000171,17018.44135,21054,5875.979474,ThII,0.31282699999974284,18783.477020860828,5874.350624957455
5879.413625,0.000173,17008.49887,5003,?,,0.4919879999997647,11950.319164294275,5877.7845642715665
5879.905613,0.00017,17007.07572,5244,5879.905552,ThII,0.4919879999997647,11951.319164294275,5878.276420539738
5883.537724,0.000403,16996.57667,6663,?,,0.39208400000006804,15005.809275560796,5881.907559013785
5885.664013,0.000164,16990.43639,9634,5885.663869,ThI,1.4092269999991913,4176.519476992264,5884.033278672637
5889.895118,0.00016,16978.23102,16801,5889.894119,ThII,0.7323700000006284,8042.239739469049,5888.263250716452
5894.826256,0.000156,16964.0284,8909,?,,0.6710570000004736,8784.389785064219,5893.193068274074
5896.333695,0.000154,16959.69142,32993,5896.331478,ThI,0.5814559999998892,10140.636084245625,5894.7001036090205
5897.557947,0.000153,16956.17083,26338,5897.561990,Contam,0.43926399999963905,13425.998823042286,5895.924027773442
5905.571008,0.000155,16933.16359,3355,?,,0.2916749999994863,20247.0935390774,5903.934942936425
5905.944197,0.000161,16932.09361,3145,?,,0.3731889999999112,15825.611679340509,5904.308031996523
5906.811761,0.000145,16929.60671,25663,5906.812740,ThI,0.39550599999984115,14934.82212912667,5905.175363662213
5912.868304,0.000276,16912.26573,64458,5912.867581,ThI,0.995930000000044,5937.032024338798,5911.230284679047
5919.83008,0.000595,16892.37675,4280,?,,0.6217710000000807,9520.916993554269,5918.1901961901785
5922.617626,0.000183,16884.42616,4917,?,,0.8689589999994496,6815.76187829777,5920.976995611832
5931.954434,0.000178,16857.85033,4379,5931.955218,ThI,0.37748000000010506,15714.619142731666,5930.311302871345
5938.519554,0.000168,16839.21373,24674,5938.518929,ThI,0.2874839999994947,20656.869787572312,5936.874664401651
5941.459599,0.000229,16830.88109,3021,?,,0.7518319999999221,7902.6426103180165,5939.8139218857805
5942.211431,0.000165,16828.75158,19626,5942.211176,ThI,0.2893320000002859,20537.691755471664,5940.565552498876
5947.883112,0.00016,16812.7043,21653,5947.882052,ThI,0.6015739999993457,9887.201095802793,5946.235714242565
5954.897769,0.000156,16792.89954,8411,?,,0.33355699999992794,17852.714135818725,5953.248492171993
5962.433341,0.000148,16771.67597,36815,5962.431909,ThI,1.0471040000002176,5694.21312591563,5960.782045467477
5966.125241,0.000145,16761.29749,37784,5966.124310,ArI,0.4625189999997019,12899.200337724169,5964.472956409507
5969.164733,0.000274,16752.76265,9460,5969.163005,ThI,0.8077380000004268,7389.976369809078,5967.51163411414
5969.972471,0.000271,16750.496,54176,5969.972863,ArI,0.8077380000004268,7390.976369809078,5968.319155714423
5991.401484,0.000174,16690.58571,15065,5991.402027,NoID,0.30444100000022445,19680.008553366933,5989.742427307118
5995.152938,0.000171,16680.14161,41521,5995.154129,ThI,1.197559000000183,5006.144113149401,5993.4928761137
5996.350497,0.00017,16676.81034,23576,?,,0.5298249999996187,11317.605807586118,5994.69011422565
5997.342653,0.000172,16674.05146,4390,?,,0.2924859999993714,20504.7169882076,5995.682004373905
6010.103437,0.000168,16638.64874,3412,?,,1.368029000000206,4393.257333725451,6008.439368932095
6012.265957,0.000159,16632.66408,8441,6012.264069,NoID,0.3420819999992091,17575.511009096943,6010.601309426273
6015.721234,0.000156,16623.1107,8130,6015.721885,ThI,0.3781810000000405,15906.98960021618,6014.055660475342
6017.087778,0.000153,16619.33541,68199,6017.087783,ThII,0.6896379999998317,8724.994530465938,6015.421838261216
6018.025429,0.000152,16616.746,15059,6018.025105,ThI,0.8870399999996152,6784.390139117301,6016.359237982481
6019.525814,0.000152,16612.60423,8265,6019.528398,ThI,0.33169099999940954,18147.992601580132,6017.859220895098
6020.662095,0.000151,16609.46893,14546,6020.660329,ThII,0.6433850000003076,9357.790584171407,6018.995197381318
6023.07849,0.000149,16602.80539,17054,6023.078848,ThII,0.37509099999988393,16057.645984579378,6021.410944800742
6024.365242,0.000949,16599.25917,3682,?,,0.3318540000000212,18153.661676519238,6022.697351954412
6024.892667,0.000146,16597.80606,43952,6024.892216,ThI,0.5274250000002212,11423.22162771479,6023.22463560505
6028.917042,0.000195,16586.72682,12947,6028.919994,ArII,1.0103420000004917,5967.204215995243,6027.247932061808
6030.896167,0.000244,16581.28365,40275,6030.895384,ThI,0.4232419999998456,14249.285673449705,6029.226526641407
6031.319409,0.000247,16580.12007,42558,6031.319727,ThI,0.4232419999998456,14250.285673449705,6029.649655208543
6038.435272,0.000185,16560.58159,20443,6038.433883,ThI,0.8890549999996438,6791.97043152833,6036.763611046568
6040.89922,0.000189,16553.8269,3983,?,,0.5461510000004637,11060.859029819358,6039.226898651161
6047.026527,0.000181,16537.0533,8880,?,,0.8822829999999158,6853.840011652244,6045.352563347996
6048.572801,0.000178,16532.82572,64642,6048.571639,ArII,0.3683389999996507,16421.211984084595,6046.898422890393
6051.450227,0.000176,16524.96447,8010,6051.447214,ThII,1.2065999999995256,5015.29108818364,6049.775077625508
6057.27027,0.00017,16509.08669,57795,6057.270450,ThI,1.2873399999998583,4705.260669287575,6055.593560581517
6061.532842,0.000174,16497.47722,3503,?,,1.1038120000002891,5491.454017530532,6059.854989978418
6073.232994,0.000161,16465.69465,4190,?,,1.2112749999996595,5013.917561248855,6071.552005547674
6082.927476,0.000149,16439.45294,62135,6082.926493,ArI,0.34324000000015076,17722.082146595174,6081.243888608037
6084.927314,0.000656,16434.05005,3263,?,,0.635417000000416,9576.274027915551,6083.243190464216
6088.94744,0.000214,16423.19974,56796,6088.947380,ThII,0.5623210000003382,10828.241235871215,6087.2622386750745
6091.793813,0.000148,16415.52605,5393,6091.797838,ThII,0.29444000000057713,20689.42335616105,6090.107848551862
6092.13286,0.000233,16414.61247,27027,6092.134296,ThI,0.33904699999948207,17968.402197952808,6090.446804651253
6094.70824,0.000206,16407.67631,3795,?,,2.0255839999999807,3008.8647224701904,6093.021494169993
6101.677978,0.000185,16388.93438,16069,6101.677189,ThI,0.9063239999995858,6732.336314610215,6099.9893634721175
6113.43989,0.000352,16357.403,3991,?,,1.089574999999968,5610.848165569309,6111.748121744785
6115.655828,0.000177,16351.47608,4554,?,,0.49791499999992084,12282.529805290003,6113.963465560244
6127.768065,0.000164,16319.15551,22207,?,,0.33348000000023603,18375.219098583613,6126.0724546352985
6131.816625,0.000166,16308.38072,4106,?,,0.33637799999996787,18228.946676062602,6130.119928954126
6132.153003,0.00016,16307.48612,25681,?,,0.3003919999991922,20413.835931104994,6130.456216748266
6132.908277,0.000163,16305.47784,4061,?,,0.3710800000008021,16527.18625899198,6131.211288207221
6137.475696,0.00016,16293.34354,4005,?,,0.4524910000000091,13563.751977387124,6135.77748234861
6137.933896,0.000159,16292.12724,4050,?,,0.458199999999124,13395.752719362144,6136.235559469967
6138.40053,0.000163,16290.88873,3510,?,,0.3142180000004373,19535.483422310168,6136.702068329193
6140.842703,0.000158,16284.40995,3909,?,,0.5069589999993696,12113.095345003516,6139.143586387741
6141.349662,0.000159,16283.06569,3375,?,,0.5069589999993696,12114.095345003516,6139.650409430443
6141.866851,0.000158,16281.69454,3278,?,,0.43083000000024185,14255.894090468519,6140.1674597292385
6153.217573,0.000319,16251.66002,8915,6153.215724,ThI,0.4781270000003133,12869.420829603783,6151.515137558269
6159.116044,0.000198,16236.0961,3678,?,,0.3245649999998932,18976.525638938354,6157.412026559459
6176.113351,0.000327,16191.41268,6491,6176.111396,ArII,1.2500040000004446,4940.874869998658,6174.404774505556
6188.84706,0.000167,16158.09844,28993,6188.846576,ArII,0.9774809999998979,6331.424406203953,6187.13506775984
6194.89233,0.000168,16142.3306,5272,?,,0.6771310000003723,9148.735370255672,6193.178716065841
6195.569461,0.000161,16140.56636,55150,6195.570097,ThII,0.6771310000003723,9149.735370255672,6193.855665416443
6197.034779,0.00016,16136.74984,24187,6197.035141,ThI,0.5273419999994076,11751.45309686496,6195.320590323074
6200.777316,0.000163,16127.01036,4313,?,,1.3711000000002969,4522.483637953947,6199.062123317408
6202.816918,0.000162,16121.7075,65168,6202.815493,ArII,0.6685020000004442,9278.681167739032,6201.101178147259
6209.466975,0.000149,16104.44188,32794,6209.467892,ThI,0.9377519999998185,6621.651540067312,6207.7494510739625
6210.702282,0.000307,16101.23871,26609,6210.703906,ThI,0.29755500000010215,20872.45141905822,6208.984426659384
6211.669491,0.0003,16098.73161,10108,6211.667682,ThI,0.9672089999994569,6422.261880321097,6209.951376169965
6215.373949,0.000287,16089.13652,4711,?,,0.3327689999996437,18677.74326636993,6213.654840300058
6216.259335,0.00029,16086.84494,7633,?,,0.43626399999993737,14248.84779629053,6214.539988756662
6219.293633,0.000194,16078.99641,13651,?,,0.6055889999997817,10269.825959524103,6217.573472665242
6225.242363,0.000191,16063.63161,7508,6225.241979,ThII,0.7668579999999565,8117.855408694117,6223.520606603009
6237.07951,0.000187,16033.14497,3154,?,,0.4994379999998273,12488.195752029595,6235.3545775075545
6238.827677,0.000182,16028.65237,4816,?,,0.8841929999998683,7055.95687480101,6237.102275429233
6240.807804,0.000184,16023.56668,3794,?,,0.4954280000001745,12596.800754091011,6239.081871104718
6242.029709,0.000178,16020.43,9216,6242.032825,ThI,0.5700989999995727,10949.027640821469,6240.303448229953
6252.214117,0.000168,15994.33387,59988,6252.214808,ThI,0.7826509999995324,7988.508437354244,6250.48512335573
6261.94877,0.00016,15969.46952,19274,6261.948973,ThI,0.7262460000001738,8622.352164416054,6260.21716402911
6266.447808,0.000156,15958.00413,22664,6266.446681,ThI,0.4013539999996283,15613.268605783931,6264.714994651466
6269.933924,0.000153,15949.1314,47219,6269.933844,ThI,1.435566000000108,4367.569254217172,6268.20017508529
6281.212243,0.000228,15920.49371,3521,?,,0.3122400000002017,20116.6162022673,6279.4754672135105
6281.714706,0.000197,15919.22026,16892,6281.714492,ThI,0.5024629999998069,12501.845321948907,6279.977795358452
6289.308968,0.000194,15899.998,5670,6289.309363,ThI,0.3146820000001753,19986.236797772024,6287.5700191059605
6292.143338,0.000203,15892.83566,6653,?,,0.6384429999998247,9855.450428623586,6290.403628357923
6293.369074,0.000188,15889.74027,20256,6293.368626,ThI,0.43775900000036927,14376.332808679414,6291.629035365527
6310.455955,0.000176,15846.71547,7040,?,,0.4488389999996798,14059.508988756552,6308.711329959751
6326.75386,0.000585,15805.89386,12217,?,,0.839589999999589,7535.527888615987,6325.004859949388
6327.59511,0.00017,15803.79248,3170,?,,0.5208569999995234,12148.430586525266,6325.845884114217
6332.125952,0.00016,15792.48435,6882,?,,0.4696140000005471,13483.682241144053,6330.375509784223
6348.860927,0.0002,15750.85691,7730,?,,0.4348169999993843,14601.225175209318,6347.105991941569
6350.954253,0.000196,15745.6653,23030,?,,0.46150699999998324,13761.338946105327,6349.198755918871
6352.651886,0.000202,15741.45755,3465,?,,0.4409879999993791,14405.498303829003,6350.895933128674
6357.03092,0.000197,15730.61406,3514,?,,0.3562659999997777,17843.495927211596,6355.27379140251
6357.977037,0.000194,15728.27323,8345,?,,0.3090089999996053,20575.378183185996,6356.219654376275
6358.780488,0.00019,15726.28591,47041,6358.780614,ArII,0.6564679999992222,9686.352553372799,6357.022889653973
6359.436956,0.000189,15724.66253,32476,6359.435107,ArII,0.6564679999992222,9687.352553372799,6357.67918139517
6365.030996,0.000185,15710.84258,24123,?,,0.9825799999998708,6477.875588756984,6363.271719396045
6369.000142,0.000184,15701.05162,6088,?,,0.42305300000043644,15054.851619048746,6367.239799655072
6372.557299,0.00018,15692.2873,12640,6372.557098,ThI,1.1482399999995323,5549.847853238518,6370.796001517674
6374.222359,0.000178,15688.1882,16606,6374.221912,ThI,0.3361610000001747,18961.814008753805,6372.460614424128
6377.709746,0.00084,15679.60976,4190,?,,0.32540099999914673,19599.539479032715,6375.947064996381
6379.258072,0.000179,15675.80413,3517,?,,0.47165600000062113,13525.234645571345,6377.494975237039
6379.729728,0.000181,15674.64521,4506,?,,0.3905159999994794,16336.666687174162,6377.966504586464
6382.237552,0.000177,15668.48604,4598,?,,0.6810719999994035,9370.870557012458,6380.473655172532
6383.124531,0.000171,15666.3088,42010,6383.123878,ThI,0.39912599999934173,15992.755498290084,6381.3603959943
6388.851719,0.000169,15652.26498,6161,?,,0.3064750000003187,20846.241027794622,6387.086046061571
6389.630727,0.000175,15650.35669,3732,?,,0.4695510000001377,13607.958937363834,6387.864844869673
6394.135455,0.000162,15639.33087,26347,6394.135565,ThI,0.8306520000005548,7697.730764502739,6392.368363170938
6396.497571,0.00016,15633.55553,36656,6396.498158,ArII,0.3183129999997618,20094.99320167504,6394.729844837966
6396.815884,0.000161,15632.77759,13977,?,,0.3183129999997618,20095.99320167504,6395.048072356231
6406.397737,0.000246,15609.39612,3260,?,,0.463263999999981,13828.827055416054,6404.627352123266
6406.861001,0.000221,15608.26745,4654,6406.855848,ThI,0.463263999999981,13829.827055416054,6405.090491709355
6410.675285,0.000203,15598.98069,53876,6410.677830,ArII,2.4585250000000087,2607.529020449244,6408.903751336653
6423.882259,0.000193,15566.91047,49470,6423.882577,ThI,0.7907359999999244,8123.92790893625,6422.107178293506
6425.941101,0.000283,15561.9229,3286,?,,0.648138999999901,9914.449062625428,6424.165467322427
6426.58924,0.000191,15560.35344,30731,6426.588473,ThII,0.648138999999901,9915.449062625428,6424.8134322418055
6430.550616,0.000188,15550.76788,47999,6430.550155,ThI,1.2702360000002955,5062.484936656263,6428.77374426239
6434.73568,0.000193,15540.65388,3970,?,,1.6914050000004863,3804.373098103736,6432.957684180658
6436.905218,0.000185,15535.41595,14193,?,,0.3332330000002912,19316.529929491902,6435.126639447456
6442.134969,0.000383,15522.80424,5231,?,,0.9264950000006138,6953.232309937703,6440.354985722433
6443.061464,0.000179,15520.5721,12548,?,,0.6195179999995162,10400.119873845526,6441.281231859698
6447.917464,0.000175,15508.88338,19807,6447.915710,ThI,0.49699099999998,12973.91192999523,6446.135927487451
6449.775755,0.000506,15504.41501,3401,?,,0.7323280000000523,8807.22265842565,6447.993719323004
6453.841801,0.00017,15494.64692,28609,6453.842185,ThI,0.7990459999991799,8076.933995047373,6452.058673107296
6474.753153,0.000469,15444.60424,3475,?,,0.5346369999997478,12110.559413215049,6472.964407591497
6477.112721,0.000506,15438.97788,11739,6477.111872,ArII,0.5271620000003168,12286.759517939663,6475.323341694267
6485.862046,0.000202,15418.15094,12843,6485.861137,ThI,0.9872810000006211,6569.418479638441,6484.070316128648
6493.204398,0.000198,15400.71648,5248,?,,0.6734980000001087,9641.015115113856,6491.41069548063
6498.759609,0.000336,15387.55178,9019,?,,0.5261570000002393,12351.36966532241,6496.964413933033
6499.285766,0.00019,15386.30607,45283,6499.287187,ThI,0.5261570000002393,12352.36966532241,6497.490429565653
6500.564019,0.000222,15383.28054,4546,?,,0.3366550000000643,19309.27513032261,6498.768339124353
6501.440971,0.000189,15381.20556,17517,6501.441461,NoID,0.5402969999995548,12033.087303844657,6499.645055503498
6502.453601,0.000188,15378.81024,28850,6502.453701,ThI,0.7046769999997196,9227.566106177139,6500.657413427257
6503.158278,0.000188,15377.1438,22330,6503.156925,ArII,0.629613000000063,10328.818302670606,6501.361901091916
6505.308871,0.000185,15372.06026,48084,6505.308094,ThII,0.3872110000002067,16800.423725040167,6503.511916258404
6514.850952,0.00018,15349.54533,9370,?,,0.7941670000000158,8203.376559338112,6513.051433367741
6520.244892,0.000242,15336.84726,4424,6520.245257,ThII,1.7222579999997834,3785.8699985721187,6518.443924003057
6528.384364,0.000192,15317.72555,7672,?,,0.3249340000002121,20091.41660766721,6526.581208838385
6528.709298,0.000167,15316.96319,14569,6528.707717,NoID,0.3249340000002121,20092.41660766721,6526.906055523367
6534.02772,0.000166,15304.49583,6665,6534.025940,ThII,0.6534560000000056,9999.18543865225,6532.223048358726
6537.950266,0.000158,15295.31366,34814,6537.949821,NoID,0.5739949999997407,11390.256476106853,6536.144540270894
6538.981437,0.000158,15292.90165,25052,6538.983510,ThI,0.33152399999926274,19724.00621678835,6537.175434165862
6551.994783,0.000204,15262.52742,49817,6551.997194,NoID,0.36357500000030996,18021.026701490515,6550.185282995829
6552.358358,0.000206,15261.68053,12930,6552.357084,ThII,0.36357500000030996,18022.026701490515,6550.548760286704
6565.155366,0.000223,15231.93198,3092,?,,0.8465589999996155,7755.106691917495,6563.342329045512
6581.297291,0.000183,15194.57268,17764,6581.298754,ThI,0.6395769999999175,10290.078115693417,6579.47991556026
6599.200095,0.000169,15153.3517,12351,?,,0.324851000000308,20314.544498843297,6597.377907431362
6601.305006,0.000166,15148.51986,37175,6601.305164,ThIII,0.807264000000032,8177.380641276879,6599.482252622895
6602.554086,0.000165,15145.65405,25734,6602.554149,ThI,0.39839500000016415,16572.883911688852,6600.730996862695
6602.952481,0.000165,15144.74022,20526,?,,0.39839500000016415,16573.883911688852,6601.129284771333
6610.270299,0.00016,15127.97442,13168,6610.268123,ThI,2.266947000000073,2915.9350875868677,6608.445135656801
6622.236147,0.000208,15100.63939,22991,?,,0.4619939999993221,14334.030630288957,6620.407766959751
6627.951984,0.000208,15087.61684,6281,?,,2.0463110000000597,3238.9758858745354,6626.122067350188
6652.396785,0.000185,15032.17611,17280,6652.396522,ThI,0.6057860000000801,10981.430381354341,6650.560296327873
6655.439388,0.000185,15025.30399,8235,?,,0.5080440000001545,13100.123981383455,6653.602081270165
6656.907795,0.000186,15021.98965,4645,?,,0.41897400000016205,15888.594029694981,6655.070093459054
6668.972765,0.000181,14994.81307,19016,?,,0.7733990000006088,8622.939472374223,6667.131819450919
6672.565549,0.000179,14986.73925,3028,?,,0.5561939999997776,11996.831229755568,6670.723637396641
6679.804464,0.000438,14970.49809,4086,?,,0.7464630000004036,8948.60758536778,6677.960605898245
6681.926055,0.00016,14965.74478,41033,6681.925512,ThI,0.44486400000005233,15020.154597807901,6680.0816264043615
6684.68268,0.00016,14959.57322,11182,?,,0.5298570000004474,12616.012773247036,6682.837510142642
6688.061494,0.000476,14952.01563,4348,?,,0.9086560000005193,7360.388853423273,6686.215415561147
6695.054689,0.000214,14936.39778,10688,?,,0.4805239999996047,13932.8206062663,6693.206730011129
6697.548039,0.000222,14930.83729,3924,?,,0.44126999999934924,15177.891175493185,6695.699409507239
6710.692735,0.0002,14901.59123,12761,6710.693243,ThI,0.44642599999951926,15032.038310956857,6708.84057055893
6728.167516,0.000186,14862.88796,17571,6728.165961,ThI,0.6375209999996514,10553.640611060153,6726.310651834104
6728.805037,0.000185,14861.47978,18792,?,,0.6375209999996514,10554.640611060153,6726.948001370573
6731.791091,0.000182,14854.8876,41420,6731.790592,ThI,1.174818999999843,5730.066581320952,6729.933252254664
6733.529017,0.000182,14851.05355,17044,6733.530354,ThI,0.34154300000045623,19715.02568341616,6731.670710825119
6735.173243,0.000183,14847.42803,12155,?,,0.4342349999997168,15510.433850344612,6733.314494593831
6739.502624,0.000382,14837.89021,6554,?,,0.3619140000000698,18621.834535272745,6737.642711148255
6743.783227,0.000172,14828.47189,22945,6743.782266,ThI,0.5765940000001137,11695.895598980685,6741.922162801463
6744.359821,0.000172,14827.20416,22669,6744.362168,ThII,0.38574700000026496,17483.89442042418,6742.498601714345
6747.999899,0.00017,14819.20591,9570,6747.997673,ThI,0.9630040000001827,7007.239740435886,6746.137700629984
6751.179817,0.000168,14812.22582,9343,6751.178368,ThI,2.1112109999994573,3197.7759764427788,6749.316763304304
6753.291028,0.000163,14807.59523,46768,6753.290265,ThI,2.1112109999994573,3198.7759764427788,6751.427406430275
6763.294471,0.00024,14785.69363,3486,?,,0.5358050000004368,12622.6789055617,6761.4281586342395
6764.367857,0.000222,14783.3474,7041,?,,0.8303029999997307,8146.866694450332,6762.501255900751
6765.19816,0.000221,14781.53302,7562,?,,0.8303029999997307,8147.866694450332,6763.331335554047
6774.965834,0.000208,14760.22204,31643,6774.966723,NoID,0.673373000000538,10061.237730046478,6773.096382048848
6776.971799,0.00022,14755.85305,3095,?,,0.7151379999995697,9476.453214630012,6775.10180743101
6788.235807,0.00021,14731.36804,3072,?,,1.1674730000004274,5814.469205709695,6786.362785256017
6795.588441,0.000198,14715.42912,4466,?,,0.4153169999999591,16362.413387847522,6793.713441219862
6798.658465,0.000191,14708.78417,21378,?,,0.680449999999837,9991.415188480607,6796.782639291723
6802.342349,0.000188,14700.81846,20737,6802.341314,ThI,0.5816000000004351,11695.911879289737,6800.465532203314
6804.663098,0.000186,14695.80471,18451,?,,0.392573000000084,17333.4974590676,6802.785656836357
6806.616096,0.000184,14691.58809,21688,?,,0.7299810000004072,9324.37432754579,6804.738129403413
6812.43008,0.000179,14679.04974,50521,6812.428939,ThII,0.8734320000003208,7799.611280554752,6810.550549189467
6813.843474,0.000181,14676.00487,9103,?,,0.4635950000001685,14697.8364175574,6811.963562919608
6817.492696,0.000175,14668.14919,26566,6817.493158,ThI,1.216523000000052,5604.080396342452,6815.611803096211
6818.709219,0.000179,14665.53226,6060,?,,0.5552639999996245,12280.121201815013,6816.8279987874175
6820.887551,0.000175,14660.84864,7902,?,,0.4749599999995553,14360.972610338526,6819.005744697315
6830.097017,0.000177,14641.08046,5111,?,,0.8230510000003051,8298.51007652924,6828.21273279208
6833.138494,0.000167,14634.56362,7466,?,,0.9322440000005372,7329.774709192081,6831.253391430111
6834.778164,0.000161,14631.05277,17209,6834.778244,ThII,0.48622599999998783,14056.792857642684,6832.892620244423
6835.26439,0.000169,14630.01199,5992,?,,0.48622599999998783,14057.792857642684,6833.378715415132
6835.944944,0.000162,14628.5555,15070,?,,0.6805539999995744,10044.67675453274,6834.059086297395
6838.765064,0.00024,14622.52308,3776,?,,0.6190379999998186,11047.407532335663,6836.878447477967
6839.384102,0.000221,14621.19959,15855,6839.383300,ThI,0.6190379999998186,11048.407532335663,6837.497318910132
6844.622376,0.000216,14610.0098,24721,?,,2.645559999999932,2587.2111673899576,6842.734183403556
6847.267936,0.000233,14604.36497,3294,?,,0.4887479999997595,14009.812696938647,6845.379031529251
6847.756684,0.000221,14603.32261,5225,?,,0.4887479999997595,14010.812696938647,6845.867648014822
6854.245064,0.000208,14589.49878,33390,6854.245243,ThI,0.4694469999994908,14600.679233241313,6852.354282069298
6857.58195,0.000206,14582.39956,42041,6857.580802,ThI,0.37487700000019686,18292.885266357764,6855.690270135688
6869.94403,0.000204,14556.15935,5247,?,,0.40236300000015035,17073.995446891073,6868.049023479991
6878.189872,0.000196,14538.70886,6050,?,,1.009342000000288,6814.528546318332,6876.292646420738
6880.304446,0.0002,14534.24057,4089,?,,0.3609539999997651,19061.44396794184,6878.406651350874
6882.670714,0.000187,14529.24368,21018,6882.672933,NoID,1.1901499999994485,5783.027949420821,6880.772282540057
6885.738987,0.000187,14522.76948,9779,?,,0.5249709999998231,13116.417834513373,6883.8397297966685
6894.150949,0.000177,14505.04939,58232,6894.151704,ThI,0.3897400000005291,17689.102860857598,6892.249427892088
6895.517065,0.000203,14502.1757,3907,?,,0.6155330000001413,11202.514024428287,6893.615176223398
6896.132598,0.000175,14500.88127,50304,6896.132297,ThI,0.6155330000001413,11203.514024428287,6894.230543561711
6914.438828,0.000195,14462.48965,7836,?,,2.2358860000003915,3092.482724073942,6912.531846527862
